order_id,invoice_no,gross_amount,tds_section_legacy,tds_code_new,tds_amount,gst_rate,vendor_pan_masked,posted_at
ord_00160,INV-10000,44114.07,194C,,8822.81,18.00,PANNOTAVAIL,2026-01-31T00:00:00
ord_00476,INV-10001,15717.40,,,0,18.00,ABCP1001Z,2026-01-31T00:00:00
ord_00495,INV-10002,42223.70,194J,,4222.37,18.00,ABCP1002Z,2026-01-31T00:00:00
ord_00356,INV-10003,12592.63,,,0,18.00,PANNOTAVAIL,2026-02-01T00:00:00
ord_00386,INV-10004,47973.56,,,0,18.00,ABCP1004Z,2026-02-01T00:00:00
ord_00436,INV-10005,30551.54,,,0,18.00,ABCP1005Z,2026-02-01T00:00:00
ord_00055,INV-10006,9884.14,,,0,18.00,PANNOTAVAIL,2026-02-02T00:00:00
ord_00222,INV-10007,45749.74,,,0,18.00,ABCP1007Z,2026-02-02T00:00:00
ord_00385,INV-10008,33702.59,194A,,3370.26,18.00,ABCP1008Z,2026-02-02T00:00:00
ord_00550,INV-10009,30916.89,,,0,18.00,PANNOTAVAIL,2026-02-02T00:00:00
ord_00585,INV-10010,21968.45,,,0,18.00,ABCP1010Z,2026-02-02T00:00:00
ord_00005,INV-10011,8359.72,,,0,18.00,ABCP1011Z,2026-02-03T00:00:00
ord_00178,INV-10012,4376.68,,,0,18.00,PANNOTAVAIL,2026-02-03T00:00:00
ord_00331,INV-10013,20573.72,,,0,18.00,ABCP1013Z,2026-02-03T00:00:00
ord_00409,INV-10014,47594.26,,,0,18.00,ABCP1014Z,2026-02-03T00:00:00
ord_00295,INV-10015,19917.63,194J,,3983.53,18.00,PANNOTAVAIL,2026-02-04T00:00:00
ord_00353,INV-10016,11090.30,194H,,554.52,18.00,ABCP1016Z,2026-02-04T00:00:00
ord_00421,INV-10017,31582.30,194J,,3158.23,18.00,ABCP1017Z,2026-02-04T00:00:00
ord_00582,INV-10018,24565.18,194J,,4913.04,18.00,PANNOTAVAIL,2026-02-04T00:00:00
ord_00127,INV-10019,797.43,,,0,18.00,ABCP1019Z,2026-02-05T00:00:00
ord_00367,INV-10020,27710.51,,,0,18.00,ABCP1020Z,2026-02-05T00:00:00
ord_00490,INV-10021,18998.42,,,0,18.00,PANNOTAVAIL,2026-02-05T00:00:00
ord_00087,INV-10022,45847.80,,,0,18.00,ABCP1022Z,2026-02-06T00:00:00
ord_00097,INV-10023,49504.36,,,0,18.00,ABCP1023Z,2026-02-06T00:00:00
ord_00186,INV-10024,47258.58,,,0,18.00,PANNOTAVAIL,2026-02-06T00:00:00
ord_00217,INV-10025,22323.49,194J,,2232.35,18.00,ABCP1025Z,2026-02-06T00:00:00
ord_00428,INV-10026,28476.77,194C,,284.77,18.00,ABCP1026Z,2026-02-06T00:00:00
ord_00057,INV-10027,20705.77,,,0,18.00,PANNOTAVAIL,2026-02-07T00:00:00
ord_00080,INV-10028,34274.32,,,0,18.00,ABCP1028Z,2026-02-07T00:00:00
ord_00099,INV-10029,43099.74,194I,,4309.97,18.00,ABCP1029Z,2026-02-07T00:00:00
ord_00302,INV-10030,14418.61,,,0,18.00,PANNOTAVAIL,2026-02-07T00:00:00
ord_00425,INV-10031,33898.37,,,0,18.00,ABCP1031Z,2026-02-07T00:00:00
ord_00527,INV-10032,31431.95,,,0,18.00,ABCP1032Z,2026-02-07T00:00:00
ord_00532,INV-10033,38292.61,,,0,18.00,PANNOTAVAIL,2026-02-07T00:00:00
ord_00067,INV-10034,28860.67,,,0,18.00,ABCP1034Z,2026-02-08T00:00:00
ord_00071,INV-10035,3135.10,194H,,156.76,18.00,ABCP1035Z,2026-02-08T00:00:00
ord_00200,INV-10036,35301.64,,,0,18.00,PANNOTAVAIL,2026-02-08T00:00:00
ord_00430,INV-10037,46990.31,,,0,18.00,ABCP1037Z,2026-02-08T00:00:00
ord_00540,INV-10038,28156.46,194C,,281.56,18.00,ABCP1038Z,2026-02-08T00:00:00
ord_00590,INV-10039,9799.43,,,0,18.00,PANNOTAVAIL,2026-02-08T00:00:00
ord_00597,INV-10040,44629.06,194A,,4462.91,18.00,ABCP1040Z,2026-02-08T00:00:00
ord_00070,INV-10041,5438.68,,,0,18.00,ABCP1041Z,2026-02-09T00:00:00
ord_00072,INV-10042,43630.54,194I,,8726.11,18.00,PANNOTAVAIL,2026-02-09T00:00:00
ord_00111,INV-10043,45600.04,,,0,18.00,ABCP1043Z,2026-02-09T00:00:00
ord_00131,INV-10044,13003.57,194I,,1300.36,18.00,ABCP1044Z,2026-02-09T00:00:00
ord_00297,INV-10045,20081.00,,,0,18.00,PANNOTAVAIL,2026-02-09T00:00:00
ord_00378,INV-10046,37554.97,,,0,18.00,ABCP1046Z,2026-02-09T00:00:00
ord_00498,INV-10047,33808.74,,,0,18.00,ABCP1047Z,2026-02-09T00:00:00
ord_00511,INV-10048,43322.44,,,0,18.00,PANNOTAVAIL,2026-02-09T00:00:00
ord_00528,INV-10049,8074.61,,,0,18.00,ABCP1049Z,2026-02-09T00:00:00
ord_00554,INV-10050,25312.83,194I,,2531.28,18.00,ABCP1050Z,2026-02-09T00:00:00
ord_00017,INV-10051,46808.52,,,0,18.00,PANNOTAVAIL,2026-02-10T00:00:00
ord_00021,INV-10052,20027.91,,,0,18.00,ABCP1052Z,2026-02-10T00:00:00
ord_00058,INV-10053,41267.83,,,0,18.00,ABCP1053Z,2026-02-10T00:00:00
ord_00215,INV-10054,36454.64,,,0,18.00,PANNOTAVAIL,2026-02-10T00:00:00
ord_00283,INV-10055,21319.76,194H,,1065.99,18.00,ABCP1055Z,2026-02-10T00:00:00
ord_00543,INV-10056,49383.73,,,0,18.00,ABCP1056Z,2026-02-10T00:00:00
ord_00013,INV-10057,32370.61,,,0,18.00,PANNOTAVAIL,2026-02-11T00:00:00
ord_00088,INV-10058,20328.94,,,0,18.00,ABCP1058Z,2026-02-11T00:00:00
ord_00176,INV-10059,20202.20,,,0,18.00,ABCP1059Z,2026-02-11T00:00:00
ord_00310,INV-10060,19703.57,194A,,3940.71,18.00,PANNOTAVAIL,2026-02-11T00:00:00
ord_00394,INV-10061,25255.65,,,0,18.00,ABCP1061Z,2026-02-11T00:00:00
ord_00404,INV-10062,33599.31,,,0,18.00,ABCP1062Z,2026-02-11T00:00:00
ord_00427,INV-10063,18292.72,194J,,3658.54,18.00,PANNOTAVAIL,2026-02-11T00:00:00
ord_00460,INV-10064,7660.88,,,0,18.00,ABCP1064Z,2026-02-11T00:00:00
ord_00270,INV-10065,16783.76,,,0,18.00,ABCP1065Z,2026-02-12T00:00:00
ord_00355,INV-10066,44619.97,,,0,18.00,PANNOTAVAIL,2026-02-12T00:00:00
ord_00365,INV-10067,8931.15,,,0,18.00,ABCP1067Z,2026-02-12T00:00:00
ord_00415,INV-10068,20196.45,,,0,18.00,ABCP1068Z,2026-02-12T00:00:00
ord_00453,INV-10069,10097.74,,,0,18.00,PANNOTAVAIL,2026-02-12T00:00:00
ord_00155,INV-10070,36953.85,,,0,18.00,ABCP1070Z,2026-02-13T00:00:00
ord_00241,INV-10071,36866.57,,,0,18.00,ABCP1071Z,2026-02-13T00:00:00
ord_00408,INV-10072,20114.40,,,0,18.00,PANNOTAVAIL,2026-02-13T00:00:00
ord_00467,INV-10073,48979.31,,,0,18.00,ABCP1073Z,2026-02-13T00:00:00
ord_00515,INV-10074,12784.63,,,0,18.00,ABCP1074Z,2026-02-13T00:00:00
ord_00435,INV-10075,2662.59,,,0,18.00,PANNOTAVAIL,2026-02-14T00:00:00
ord_00471,INV-10076,23867.99,,,0,18.00,ABCP1076Z,2026-02-14T00:00:00
ord_00503,INV-10077,34476.57,194C,,344.77,18.00,ABCP1077Z,2026-02-14T00:00:00
ord_00587,INV-10078,24667.71,194J,,4933.54,18.00,PANNOTAVAIL,2026-02-14T00:00:00
ord_00066,INV-10079,21295.83,,,0,18.00,ABCP1079Z,2026-02-15T00:00:00
ord_00266,INV-10080,16655.14,,,0,18.00,ABCP1080Z,2026-02-15T00:00:00
ord_00267,INV-10081,45451.52,,,0,18.00,PANNOTAVAIL,2026-02-15T00:00:00
ord_00335,INV-10082,13416.03,194I,,1341.60,18.00,ABCP1082Z,2026-02-15T00:00:00
ord_00060,INV-10083,40369.57,,,0,18.00,ABCP1083Z,2026-02-16T00:00:00
ord_00227,INV-10084,40225.18,194A,,8045.04,18.00,PANNOTAVAIL,2026-02-16T00:00:00
ord_00429,INV-10085,47860.23,194H,,2393.01,18.00,ABCP1085Z,2026-02-16T00:00:00
ord_00439,INV-10086,35812.73,194J,,3581.27,18.00,ABCP1086Z,2026-02-16T00:00:00
ord_00450,INV-10087,23570.01,,,0,18.00,PANNOTAVAIL,2026-02-16T00:00:00
ord_00083,INV-10088,35889.99,,,0,18.00,ABCP1088Z,2026-02-17T00:00:00
ord_00188,INV-10089,39477.09,,,0,18.00,ABCP1089Z,2026-02-17T00:00:00
ord_00198,INV-10090,13152.59,,,0,18.00,PANNOTAVAIL,2026-02-17T00:00:00
ord_00413,INV-10091,4303.96,194I,,430.40,18.00,ABCP1091Z,2026-02-17T00:00:00
ord_00478,INV-10092,3071.70,,,0,18.00,ABCP1092Z,2026-02-18T00:00:00
ord_00042,INV-10093,13920.26,,,0,18.00,PANNOTAVAIL,2026-02-19T00:00:00
ord_00052,INV-10094,31866.16,,,0,18.00,ABCP1094Z,2026-02-19T00:00:00
ord_00094,INV-10095,16429.78,194I,,1642.98,18.00,ABCP1095Z,2026-02-19T00:00:00
ord_00282,INV-10096,13015.60,,,0,18.00,PANNOTAVAIL,2026-02-19T00:00:00
ord_00459,INV-10097,40284.47,,,0,18.00,ABCP1097Z,2026-02-19T00:00:00
ord_00468,INV-10098,40948.97,,,0,18.00,ABCP1098Z,2026-02-19T00:00:00
ord_00027,INV-10099,39277.19,,,0,18.00,PANNOTAVAIL,2026-02-20T00:00:00
ord_00129,INV-10100,37563.84,,,0,18.00,ABCP1100Z,2026-02-20T00:00:00
ord_00143,INV-10101,9567.71,,,0,18.00,ABCP1101Z,2026-02-20T00:00:00
ord_00293,INV-10102,724.45,194J,,144.89,18.00,PANNOTAVAIL,2026-02-20T00:00:00
ord_00484,INV-10103,4674.38,,,0,18.00,ABCP1103Z,2026-02-20T00:00:00
ord_00558,INV-10104,15670.45,194H,,783.52,18.00,ABCP1104Z,2026-02-20T00:00:00
ord_00567,INV-10105,17251.85,194A,,3450.37,18.00,PANNOTAVAIL,2026-02-20T00:00:00
ord_00091,INV-10106,32290.56,,,0,18.00,ABCP1106Z,2026-02-21T00:00:00
ord_00230,INV-10107,10107.71,,,0,18.00,ABCP1107Z,2026-02-21T00:00:00
ord_00366,INV-10108,25621.03,,,0,18.00,PANNOTAVAIL,2026-02-21T00:00:00
ord_00371,INV-10109,15185.88,194C,,151.86,18.00,ABCP1109Z,2026-02-21T00:00:00
ord_00141,INV-10110,28365.73,194H,,1418.29,18.00,ABCP1110Z,2026-02-22T00:00:00
ord_00185,INV-10111,43949.44,,,0,18.00,PANNOTAVAIL,2026-02-22T00:00:00
ord_00438,INV-10112,22760.64,,,0,18.00,ABCP1112Z,2026-02-22T00:00:00
ord_00496,INV-10113,11336.88,,,0,18.00,ABCP1113Z,2026-02-22T00:00:00
ord_00314,INV-10114,49601.00,,,0,18.00,PANNOTAVAIL,2026-02-23T00:00:00
ord_00474,INV-10115,23423.58,,,0,18.00,ABCP1115Z,2026-02-23T00:00:00
ord_00551,INV-10116,18467.78,194I,,1846.78,18.00,ABCP1116Z,2026-02-23T00:00:00
ord_00596,INV-10117,7681.81,,,0,18.00,PANNOTAVAIL,2026-02-23T00:00:00
ord_00076,INV-10118,8412.62,,,0,18.00,ABCP1118Z,2026-02-24T00:00:00
ord_00082,INV-10119,16455.87,,,0,18.00,ABCP1119Z,2026-02-24T00:00:00
ord_00268,INV-10120,18651.65,,,0,18.00,PANNOTAVAIL,2026-02-24T00:00:00
ord_00426,INV-10121,10747.49,,,0,18.00,ABCP1121Z,2026-02-24T00:00:00
ord_00396,INV-10122,11586.36,,,0,18.00,ABCP1122Z,2026-02-25T00:00:00
ord_00516,INV-10123,15054.15,,,0,18.00,PANNOTAVAIL,2026-02-25T00:00:00
ord_00328,INV-10124,22902.30,194J,,2290.23,18.00,ABCP1124Z,2026-02-26T00:00:00
ord_00492,INV-10125,25784.88,,,0,18.00,ABCP1125Z,2026-02-26T00:00:00
ord_00032,INV-10126,48078.51,,,0,18.00,PANNOTAVAIL,2026-02-27T00:00:00
ord_00033,INV-10127,42378.55,194C,,423.79,18.00,ABCP1127Z,2026-02-27T00:00:00
ord_00062,INV-10128,45739.43,,,0,18.00,ABCP1128Z,2026-02-27T00:00:00
ord_00090,INV-10129,34141.69,,,0,18.00,PANNOTAVAIL,2026-02-27T00:00:00
ord_00095,INV-10130,5405.93,194J,,540.59,18.00,ABCP1130Z,2026-02-27T00:00:00
ord_00002,INV-10131,12205.28,,,0,18.00,ABCP1131Z,2026-02-28T00:00:00
ord_00008,INV-10132,38182.38,,,0,18.00,PANNOTAVAIL,2026-02-28T00:00:00
ord_00145,INV-10133,17241.38,,,0,18.00,ABCP1133Z,2026-02-28T00:00:00
ord_00147,INV-10134,2485.11,,,0,18.00,ABCP1134Z,2026-02-28T00:00:00
ord_00177,INV-10135,17204.22,194A,,3440.84,18.00,PANNOTAVAIL,2026-02-28T00:00:00
ord_00334,INV-10136,10017.80,194I,,1001.78,18.00,ABCP1136Z,2026-02-28T00:00:00
ord_00389,INV-10137,16449.42,,,0,18.00,ABCP1137Z,2026-02-28T00:00:00
ord_00510,INV-10138,28439.82,194J,,5687.96,18.00,PANNOTAVAIL,2026-02-28T00:00:00
ord_00553,INV-10139,12039.81,,,0,18.00,ABCP1139Z,2026-02-28T00:00:00
ord_00579,INV-10140,2864.54,,,0,18.00,ABCP1140Z,2026-02-28T00:00:00
ord_00006,INV-10141,42892.27,194A,,8578.45,18.00,PANNOTAVAIL,2026-03-01T00:00:00
ord_00030,INV-10142,3192.76,,,0,18.00,ABCP1142Z,2026-03-01T00:00:00
ord_00271,INV-10143,30772.89,,,0,18.00,ABCP1143Z,2026-03-01T00:00:00
ord_00350,INV-10144,34958.31,,,0,18.00,PANNOTAVAIL,2026-03-01T00:00:00
ord_00374,INV-10145,39184.05,,,0,18.00,ABCP1145Z,2026-03-01T00:00:00
ord_00562,INV-10146,45296.10,,,0,18.00,ABCP1146Z,2026-03-01T00:00:00
ord_00196,INV-10147,23293.11,194C,,4658.62,18.00,PANNOTAVAIL,2026-03-02T00:00:00
ord_00255,INV-10148,34593.66,,,0,18.00,ABCP1148Z,2026-03-02T00:00:00
ord_00292,INV-10149,15080.53,,,0,18.00,ABCP1149Z,2026-03-02T00:00:00
ord_00383,INV-10150,32491.15,194J,,6498.23,18.00,PANNOTAVAIL,2026-03-02T00:00:00
ord_00589,INV-10151,35717.51,,,0,18.00,ABCP1151Z,2026-03-02T00:00:00
ord_00595,INV-10152,48370.74,,,0,18.00,ABCP1152Z,2026-03-02T00:00:00
ord_00075,INV-10153,40175.84,,,0,18.00,PANNOTAVAIL,2026-03-03T00:00:00
ord_00225,INV-10154,17223.58,,,0,18.00,ABCP1154Z,2026-03-03T00:00:00
ord_00338,INV-10155,38818.02,,,0,18.00,ABCP1155Z,2026-03-03T00:00:00
ord_00535,INV-10156,37221.82,194I,,7444.36,18.00,PANNOTAVAIL,2026-03-03T00:00:00
ord_00125,INV-10157,4761.32,,,0,18.00,ABCP1157Z,2026-03-04T00:00:00
ord_00159,INV-10158,4223.41,,,0,18.00,ABCP1158Z,2026-03-04T00:00:00
ord_00279,INV-10159,40574.82,,,0,18.00,PANNOTAVAIL,2026-03-04T00:00:00
ord_00322,INV-10160,27618.17,194C,,276.18,18.00,ABCP1160Z,2026-03-04T00:00:00
ord_00542,INV-10161,13114.22,,,0,18.00,ABCP1161Z,2026-03-04T00:00:00
ord_00035,INV-10162,12213.04,194H,,2442.61,18.00,PANNOTAVAIL,2026-03-05T00:00:00
ord_00061,INV-10163,44764.48,,,0,18.00,ABCP1163Z,2026-03-05T00:00:00
ord_00107,INV-10164,33700.92,194A,,3370.09,18.00,ABCP1164Z,2026-03-05T00:00:00
ord_00120,INV-10165,10182.85,194I,,2036.57,18.00,PANNOTAVAIL,2026-03-05T00:00:00
ord_00405,INV-10166,45510.94,,,0,18.00,ABCP1166Z,2026-03-05T00:00:00
ord_00028,INV-10167,47220.33,,,0,18.00,ABCP1167Z,2026-03-06T00:00:00
ord_00122,INV-10168,24135.42,,,0,18.00,PANNOTAVAIL,2026-03-06T00:00:00
ord_00485,INV-10169,37671.01,194I,,3767.10,18.00,ABCP1169Z,2026-03-06T00:00:00
ord_00487,INV-10170,18583.23,,,0,18.00,ABCP1170Z,2026-03-06T00:00:00
ord_00572,INV-10171,38191.62,194J,,7638.32,18.00,PANNOTAVAIL,2026-03-06T00:00:00
ord_00011,INV-10172,13542.56,,,0,18.00,ABCP1172Z,2026-03-07T00:00:00
ord_00073,INV-10173,41219.51,194J,,4121.95,18.00,ABCP1173Z,2026-03-07T00:00:00
ord_00084,INV-10174,39308.05,194C,,7861.61,18.00,PANNOTAVAIL,2026-03-07T00:00:00
ord_00220,INV-10175,35863.42,194H,,1793.17,18.00,ABCP1175Z,2026-03-07T00:00:00
ord_00247,INV-10176,38316.01,,,0,18.00,ABCP1176Z,2026-03-07T00:00:00
ord_00253,INV-10177,23675.08,,,0,18.00,PANNOTAVAIL,2026-03-07T00:00:00
ord_00269,INV-10178,49958.13,,,0,18.00,ABCP1178Z,2026-03-07T00:00:00
ord_00273,INV-10179,4318.13,,,0,18.00,ABCP1179Z,2026-03-07T00:00:00
ord_00433,INV-10180,12637.30,,,0,18.00,PANNOTAVAIL,2026-03-07T00:00:00
ord_00093,INV-10181,35984.43,,,0,18.00,ABCP1181Z,2026-03-08T00:00:00
ord_00115,INV-10182,13732.76,,,0,18.00,ABCP1182Z,2026-03-08T00:00:00
ord_00175,INV-10183,43739.24,194J,,8747.85,18.00,PANNOTAVAIL,2026-03-08T00:00:00
ord_00466,INV-10184,26710.11,,,0,18.00,ABCP1184Z,2026-03-08T00:00:00
ord_00489,INV-10185,41321.71,,,0,18.00,ABCP1185Z,2026-03-08T00:00:00
ord_00571,INV-10186,7535.95,,,0,18.00,PANNOTAVAIL,2026-03-08T00:00:00
ord_00048,INV-10187,36970.75,,,0,18.00,ABCP1187Z,2026-03-09T00:00:00
ord_00259,INV-10188,19088.85,194H,,954.44,18.00,ABCP1188Z,2026-03-09T00:00:00
ord_00368,INV-10189,30570.08,,,0,18.00,PANNOTAVAIL,2026-03-09T00:00:00
ord_00494,INV-10190,28024.89,,,0,18.00,ABCP1190Z,2026-03-09T00:00:00
ord_00170,INV-10191,24568.06,194I,,2456.81,18.00,ABCP1191Z,2026-03-10T00:00:00
ord_00207,INV-10192,33214.45,194I,,6642.89,18.00,PANNOTAVAIL,2026-03-10T00:00:00
ord_00272,INV-10193,1686.85,,,0,18.00,ABCP1193Z,2026-03-10T00:00:00
ord_00414,INV-10194,41824.34,,,0,18.00,ABCP1194Z,2026-03-10T00:00:00
ord_00588,INV-10195,10721.38,,,0,18.00,PANNOTAVAIL,2026-03-10T00:00:00
ord_00134,INV-10196,31089.18,,,0,18.00,ABCP1196Z,2026-03-11T00:00:00
ord_00231,INV-10197,9567.98,,,0,18.00,ABCP1197Z,2026-03-11T00:00:00
ord_00265,INV-10198,21589.26,,,0,18.00,PANNOTAVAIL,2026-03-11T00:00:00
ord_00288,INV-10199,48200.09,,,0,18.00,ABCP1199Z,2026-03-11T00:00:00
ord_00332,INV-10200,46707.72,,,0,18.00,ABCP1200Z,2026-03-11T00:00:00
ord_00482,INV-10201,27711.20,,,0,18.00,PANNOTAVAIL,2026-03-11T00:00:00
ord_00563,INV-10202,39843.88,,,0,18.00,ABCP1202Z,2026-03-11T00:00:00
ord_00109,INV-10203,6585.35,,,0,18.00,ABCP1203Z,2026-03-12T00:00:00
ord_00197,INV-10204,45811.25,,,0,18.00,PANNOTAVAIL,2026-03-12T00:00:00
ord_00351,INV-10205,40176.12,,,0,18.00,ABCP1205Z,2026-03-12T00:00:00
ord_00361,INV-10206,41432.00,194A,,4143.20,18.00,ABCP1206Z,2026-03-12T00:00:00
ord_00457,INV-10207,36299.55,194H,,7259.91,18.00,PANNOTAVAIL,2026-03-12T00:00:00
ord_00165,INV-10208,34255.79,,,0,18.00,ABCP1208Z,2026-03-13T00:00:00
ord_00218,INV-10209,18255.35,,,0,18.00,ABCP1209Z,2026-03-13T00:00:00
ord_00219,INV-10210,28811.59,194A,,5762.32,18.00,PANNOTAVAIL,2026-03-13T00:00:00
ord_00246,INV-10211,21093.62,,,0,18.00,ABCP1211Z,2026-03-13T00:00:00
ord_00504,INV-10212,14917.76,194C,,149.18,18.00,ABCP1212Z,2026-03-13T00:00:00
ord_00531,INV-10213,40398.65,,,0,18.00,PANNOTAVAIL,2026-03-13T00:00:00
ord_00201,INV-10214,46017.52,,,0,18.00,ABCP1214Z,2026-03-14T00:00:00
ord_00317,INV-10215,27432.31,,,0,18.00,ABCP1215Z,2026-03-14T00:00:00
ord_00347,INV-10216,46798.18,,,0,18.00,PANNOTAVAIL,2026-03-14T00:00:00
ord_00432,INV-10217,12877.74,,,0,18.00,ABCP1217Z,2026-03-14T00:00:00
ord_00249,INV-10218,2907.53,194A,,290.75,18.00,ABCP1218Z,2026-03-15T00:00:00
ord_00278,INV-10219,15965.54,,,0,18.00,PANNOTAVAIL,2026-03-15T00:00:00
ord_00481,INV-10220,13704.44,194C,,137.04,18.00,ABCP1220Z,2026-03-15T00:00:00
ord_00146,INV-10221,26101.26,194I,,2610.13,18.00,ABCP1221Z,2026-03-16T00:00:00
ord_00150,INV-10222,43232.04,,,0,18.00,PANNOTAVAIL,2026-03-16T00:00:00
ord_00223,INV-10223,19309.11,,,0,18.00,ABCP1223Z,2026-03-16T00:00:00
ord_00237,INV-10224,45189.91,194A,,4518.99,18.00,ABCP1224Z,2026-03-16T00:00:00
ord_00488,INV-10225,36563.76,194A,,7312.75,18.00,PANNOTAVAIL,2026-03-16T00:00:00
ord_00014,INV-10226,29353.09,,,0,18.00,ABCP1226Z,2026-03-17T00:00:00
ord_00137,INV-10227,47466.43,,,0,18.00,ABCP1227Z,2026-03-17T00:00:00
ord_00264,INV-10228,38562.91,,,0,18.00,PANNOTAVAIL,2026-03-17T00:00:00
ord_00465,INV-10229,35978.51,,,0,18.00,ABCP1229Z,2026-03-17T00:00:00
ord_00039,INV-10230,18897.95,,,0,18.00,ABCP1230Z,2026-03-18T00:00:00
ord_00161,INV-10231,36679.84,,,0,18.00,PANNOTAVAIL,2026-03-18T00:00:00
ord_00537,INV-10232,31777.09,,,0,18.00,ABCP1232Z,2026-03-18T00:00:00
ord_00024,INV-10233,30302.26,,,0,18.00,ABCP1233Z,2026-03-19T00:00:00
ord_00564,INV-10234,48350.24,,,0,18.00,PANNOTAVAIL,2026-03-19T00:00:00
ord_00022,INV-10235,23818.11,,,0,18.00,ABCP1235Z,2026-03-20T00:00:00
ord_00044,INV-10236,39762.87,194I,,3976.29,18.00,ABCP1236Z,2026-03-20T00:00:00
ord_00451,INV-10237,45006.33,,,0,18.00,PANNOTAVAIL,2026-03-20T00:00:00
ord_00480,INV-10238,35718.10,,,0,18.00,ABCP1238Z,2026-03-20T00:00:00
ord_00092,INV-10239,22746.84,,,0,18.00,ABCP1239Z,2026-03-21T00:00:00
ord_00158,INV-10240,48867.71,,,0,18.00,PANNOTAVAIL,2026-03-21T00:00:00
ord_00199,INV-10241,13318.23,,,0,18.00,ABCP1241Z,2026-03-21T00:00:00
ord_00211,INV-10242,28696.58,,,0,18.00,ABCP1242Z,2026-03-21T00:00:00
ord_00339,INV-10243,16489.55,194H,,3297.91,18.00,PANNOTAVAIL,2026-03-21T00:00:00
ord_00352,INV-10244,13259.51,194A,,1325.95,18.00,ABCP1244Z,2026-03-21T00:00:00
ord_00382,INV-10245,41034.43,,,0,18.00,ABCP1245Z,2026-03-21T00:00:00
ord_00416,INV-10246,38554.39,,,0,18.00,PANNOTAVAIL,2026-03-21T00:00:00
ord_00538,INV-10247,34790.06,,,0,18.00,ABCP1247Z,2026-03-21T00:00:00
ord_00578,INV-10248,7345.56,194A,,734.56,18.00,ABCP1248Z,2026-03-21T00:00:00
ord_00598,INV-10249,39937.78,,,0,18.00,PANNOTAVAIL,2026-03-21T00:00:00
ord_00233,INV-10250,17137.10,,,0,18.00,ABCP1250Z,2026-03-22T00:00:00
ord_00031,INV-10251,22959.73,,,0,18.00,ABCP1251Z,2026-03-23T00:00:00
ord_00102,INV-10252,10556.81,194A,,2111.36,18.00,PANNOTAVAIL,2026-03-23T00:00:00
ord_00148,INV-10253,28036.60,,,0,18.00,ABCP1253Z,2026-03-23T00:00:00
ord_00169,INV-10254,46464.30,194C,,464.64,18.00,ABCP1254Z,2026-03-23T00:00:00
ord_00182,INV-10255,20966.89,,,0,18.00,PANNOTAVAIL,2026-03-23T00:00:00
ord_00456,INV-10256,35395.74,,,0,18.00,ABCP1256Z,2026-03-23T00:00:00
ord_00089,INV-10257,41238.53,,,0,18.00,ABCP1257Z,2026-03-24T00:00:00
ord_00319,INV-10258,42062.95,194A,,8412.59,18.00,PANNOTAVAIL,2026-03-24T00:00:00
ord_00325,INV-10259,5046.96,,,0,18.00,ABCP1259Z,2026-03-24T00:00:00
ord_00455,INV-10260,28931.64,,,0,18.00,ABCP1260Z,2026-03-24T00:00:00
ord_00560,INV-10261,31059.64,,,0,18.00,PANNOTAVAIL,2026-03-24T00:00:00
ord_00104,INV-10262,49461.98,,,0,18.00,ABCP1262Z,2026-03-25T00:00:00
ord_00167,INV-10263,32305.01,194J,,3230.50,18.00,ABCP1263Z,2026-03-25T00:00:00
ord_00180,INV-10264,48790.77,,,0,18.00,PANNOTAVAIL,2026-03-25T00:00:00
ord_00202,INV-10265,5723.22,,,0,18.00,ABCP1265Z,2026-03-25T00:00:00
ord_00337,INV-10266,40974.99,,,0,18.00,ABCP1266Z,2026-03-25T00:00:00
ord_00576,INV-10267,4967.51,,,0,18.00,PANNOTAVAIL,2026-03-25T00:00:00
ord_00078,INV-10268,34985.75,,,0,18.00,ABCP1268Z,2026-03-26T00:00:00
ord_00263,INV-10269,46669.93,,,0,18.00,ABCP1269Z,2026-03-26T00:00:00
ord_00299,INV-10270,10128.13,,,0,18.00,PANNOTAVAIL,2026-03-26T00:00:00
ord_00594,INV-10271,631.22,,,0,18.00,ABCP1271Z,2026-03-26T00:00:00
ord_00133,INV-10272,11190.90,,,0,18.00,ABCP1272Z,2026-03-27T00:00:00
ord_00171,INV-10273,49152.64,,,0,18.00,PANNOTAVAIL,2026-03-27T00:00:00
ord_00210,INV-10274,41238.60,,,0,18.00,ABCP1274Z,2026-03-27T00:00:00
ord_00243,INV-10275,15275.43,,,0,18.00,ABCP1275Z,2026-03-27T00:00:00
ord_00369,INV-10276,12711.27,,,0,18.00,PANNOTAVAIL,2026-03-27T00:00:00
ord_00454,INV-10277,38379.17,194H,,1918.96,18.00,ABCP1277Z,2026-03-27T00:00:00
ord_00461,INV-10278,8600.41,194J,,860.04,18.00,ABCP1278Z,2026-03-27T00:00:00
ord_00499,INV-10279,2072.15,194I,,414.43,18.00,PANNOTAVAIL,2026-03-27T00:00:00
ord_00506,INV-10280,9380.44,194I,,938.04,18.00,ABCP1280Z,2026-03-27T00:00:00
ord_00507,INV-10281,49898.10,,,0,18.00,ABCP1281Z,2026-03-27T00:00:00
ord_00195,INV-10282,6999.77,,,0,18.00,PANNOTAVAIL,2026-03-28T00:00:00
ord_00304,INV-10283,10931.54,,,0,18.00,ABCP1283Z,2026-03-28T00:00:00
ord_00307,INV-10284,7247.95,,,0,18.00,ABCP1284Z,2026-03-28T00:00:00
ord_00422,INV-10285,37803.79,,,0,18.00,PANNOTAVAIL,2026-03-28T00:00:00
ord_00522,INV-10286,6228.26,,,0,18.00,ABCP1286Z,2026-03-28T00:00:00
ord_00523,INV-10287,25902.41,,,0,18.00,ABCP1287Z,2026-03-28T00:00:00
ord_00561,INV-10288,24401.48,,,0,18.00,PANNOTAVAIL,2026-03-28T00:00:00
ord_00192,INV-10289,22242.56,194A,,2224.26,18.00,ABCP1289Z,2026-03-29T00:00:00
ord_00286,INV-10290,37638.12,,,0,18.00,ABCP1290Z,2026-03-29T00:00:00
ord_00294,INV-10291,39919.11,,,0,18.00,PANNOTAVAIL,2026-03-29T00:00:00
ord_00441,INV-10292,30870.03,,,0,18.00,ABCP1292Z,2026-03-29T00:00:00
ord_00442,INV-10293,42765.05,,,0,18.00,ABCP1293Z,2026-03-29T00:00:00
ord_00530,INV-10294,48454.03,,,0,18.00,PANNOTAVAIL,2026-03-29T00:00:00
ord_00584,INV-10295,940.50,,,0,18.00,ABCP1295Z,2026-03-29T00:00:00
ord_00049,INV-10296,772.23,194I,,77.22,18.00,ABCP1296Z,2026-03-30T00:00:00
ord_00110,INV-10297,47727.32,,,0,18.00,PANNOTAVAIL,2026-03-30T00:00:00
ord_00321,INV-10298,7886.99,194H,,394.35,18.00,ABCP1298Z,2026-03-30T00:00:00
ord_00348,INV-10299,27492.64,,,0,18.00,ABCP1299Z,2026-03-30T00:00:00
ord_00375,INV-10300,21918.35,,,0,18.00,PANNOTAVAIL,2026-03-30T00:00:00
ord_00406,INV-10301,31419.20,194A,,3141.92,18.00,ABCP1301Z,2026-03-30T00:00:00
ord_00444,INV-10302,3113.10,194A,,311.31,18.00,ABCP1302Z,2026-03-30T00:00:00
ord_00452,INV-10303,42908.69,,,0,18.00,PANNOTAVAIL,2026-03-30T00:00:00
ord_00172,INV-10304,37559.69,194A,,3755.97,18.00,ABCP1304Z,2026-03-31T00:00:00
ord_00245,INV-10305,37038.63,,,0,18.00,ABCP1305Z,2026-03-31T00:00:00
ord_00401,INV-10306,6816.56,194C,,1363.31,18.00,PANNOTAVAIL,2026-03-31T00:00:00
ord_00526,INV-10307,38409.28,,,0,18.00,ABCP1307Z,2026-03-31T00:00:00
ord_00529,INV-10308,49181.55,,,0,18.00,ABCP1308Z,2026-03-31T00:00:00
ord_00565,INV-10309,24136.72,,,0,18.00,PANNOTAVAIL,2026-03-31T00:00:00
ord_00179,INV-10310,6609.27,,1031,337.96,18.00,ABCP1310Z,2026-04-01T00:00:00
ord_00262,INV-10311,46928.67,,,0,18.00,ABCP1311Z,2026-04-01T00:00:00
ord_00277,INV-10312,40657.45,,,0,18.00,PANNOTAVAIL,2026-04-01T00:00:00
ord_00316,INV-10313,29689.08,,,0,18.00,ABCP1313Z,2026-04-01T00:00:00
ord_00358,INV-10314,22731.72,,1034,2273.17,18.00,ABCP1314Z,2026-04-01T00:00:00
ord_00206,INV-10315,994.59,,,0,18.00,PANNOTAVAIL,2026-04-02T00:00:00
ord_00445,INV-10316,34190.09,,1031,1709.50,18.00,ABCP1316Z,2026-04-02T00:00:00
ord_00209,INV-10317,18906.42,,,0,18.00,ABCP1317Z,2026-04-03T00:00:00
ord_00251,INV-10318,18293.90,194H,1023,3658.78,18.00,PANNOTAVAIL,2026-04-03T00:00:00
ord_00281,INV-10319,6714.46,,,0,18.00,ABCP1319Z,2026-04-03T00:00:00
ord_00486,INV-10320,37581.35,,,0,18.00,ABCP1320Z,2026-04-03T00:00:00
ord_00373,INV-10321,49418.76,,,0,18.00,PANNOTAVAIL,2026-04-04T00:00:00
ord_00050,INV-10322,15486.40,,1034,1548.64,18.00,ABCP1322Z,2026-04-05T00:00:00
ord_00098,INV-10323,45054.08,,1023,450.54,18.00,ABCP1323Z,2026-04-05T00:00:00
ord_00112,INV-10324,22746.62,,,0,18.00,PANNOTAVAIL,2026-04-05T00:00:00
ord_00164,INV-10325,26444.67,,1026,2644.47,18.00,ABCP1325Z,2026-04-05T00:00:00
ord_00239,INV-10326,29124.54,,,0,18.00,ABCP1326Z,2026-04-05T00:00:00
ord_00525,INV-10327,6723.56,,1031,1344.71,18.00,PANNOTAVAIL,2026-04-05T00:00:00
ord_00534,INV-10328,14975.29,194C,,149.75,18.00,ABCP1328Z,2026-04-05T00:00:00
ord_00555,INV-10329,45779.25,,1028,4577.93,18.00,ABCP1329Z,2026-04-05T00:00:00
ord_00566,INV-10330,44746.53,,,0,18.00,PANNOTAVAIL,2026-04-05T00:00:00
ord_00577,INV-10331,31870.16,,1034,3187.02,18.00,ABCP1331Z,2026-04-05T00:00:00
ord_00040,INV-10332,41899.10,,,0,18.00,ABCP1332Z,2026-04-06T00:00:00
ord_00254,INV-10333,16526.97,,,0,18.00,PANNOTAVAIL,2026-04-07T00:00:00
ord_00313,INV-10334,37596.89,,,0,18.00,ABCP1334Z,2026-04-07T00:00:00
ord_00326,INV-10335,30848.25,,,0,18.00,ABCP1335Z,2026-04-07T00:00:00
ord_00370,INV-10336,35065.40,,,0,18.00,PANNOTAVAIL,2026-04-08T00:00:00
ord_00397,INV-10337,42593.59,,,0,18.00,ABCP1337Z,2026-04-08T00:00:00
ord_00508,INV-10338,7097.39,,,0,18.00,ABCP1338Z,2026-04-08T00:00:00
ord_00512,INV-10339,43277.87,,1034,8655.57,18.00,PANNOTAVAIL,2026-04-08T00:00:00
ord_00536,INV-10340,44351.28,,,0,18.00,ABCP1340Z,2026-04-08T00:00:00
ord_00016,INV-10341,10971.17,,1023,109.71,18.00,ABCP1341Z,2026-04-09T00:00:00
ord_00208,INV-10342,46312.89,,,0,18.00,PANNOTAVAIL,2026-04-09T00:00:00
ord_00346,INV-10343,41129.50,,,0,18.00,ABCP1343Z,2026-04-09T00:00:00
ord_00497,INV-10344,19803.08,,,0,18.00,ABCP1344Z,2026-04-09T00:00:00
ord_00053,INV-10345,44989.29,,,0,18.00,PANNOTAVAIL,2026-04-10T00:00:00
ord_00074,INV-10346,11599.12,,1028,1159.91,18.00,ABCP1346Z,2026-04-10T00:00:00
ord_00434,INV-10347,21526.39,,,0,18.00,ABCP1347Z,2026-04-10T00:00:00
ord_00045,INV-10348,1463.09,,,0,18.00,PANNOTAVAIL,2026-04-11T00:00:00
ord_00166,INV-10349,11177.67,,,0,18.00,ABCP1349Z,2026-04-11T00:00:00
ord_00274,INV-10350,25006.19,,1031,1250.31,18.00,ABCP1350Z,2026-04-11T00:00:00
ord_00333,INV-10351,34724.73,,,0,18.00,PANNOTAVAIL,2026-04-11T00:00:00
ord_00570,INV-10352,9105.85,,,0,18.00,ABCP1352Z,2026-04-11T00:00:00
ord_00007,INV-10353,17179.71,,1023,171.80,18.00,ABCP1353Z,2026-04-12T00:00:00
ord_00130,INV-10354,1311.15,,1026,262.23,18.00,PANNOTAVAIL,2026-04-12T00:00:00
ord_00256,INV-10355,20659.83,,,0,18.00,ABCP1355Z,2026-04-12T00:00:00
ord_00284,INV-10356,35411.20,,,0,18.00,ABCP1356Z,2026-04-12T00:00:00
ord_00541,INV-10357,32927.35,,1031,6582.97,18.00,PANNOTAVAIL,2026-04-12T00:00:00
ord_00547,INV-10358,32098.15,,1028,3209.82,18.00,ABCP1358Z,2026-04-12T00:00:00
ord_00228,INV-10359,18784.19,,,0,18.00,ABCP1359Z,2026-04-13T00:00:00
ord_00477,INV-10360,34120.22,,,0,18.00,PANNOTAVAIL,2026-04-13T00:00:00
ord_00384,INV-10361,25319.57,,,0,18.00,ABCP1361Z,2026-04-14T00:00:00
ord_00501,INV-10362,36510.97,,1028,3651.10,18.00,ABCP1362Z,2026-04-14T00:00:00
ord_00103,INV-10363,3833.77,,,0,18.00,PANNOTAVAIL,2026-04-15T00:00:00
ord_00154,INV-10364,22768.93,,1023,227.69,18.00,ABCP1364Z,2026-04-15T00:00:00
ord_00393,INV-10365,31106.77,,,0,18.00,ABCP1365Z,2026-04-15T00:00:00
ord_00407,INV-10366,32462.73,,1034,6492.55,18.00,PANNOTAVAIL,2026-04-15T00:00:00
ord_00004,INV-10367,35893.36,,,0,18.00,ABCP1367Z,2026-04-16T00:00:00
ord_00068,INV-10368,46966.30,,,0,18.00,ABCP1368Z,2026-04-16T00:00:00
ord_00069,INV-10369,18973.17,,,0,18.00,PANNOTAVAIL,2026-04-16T00:00:00
ord_00234,INV-10370,20871.68,,,0,18.00,ABCP1370Z,2026-04-16T00:00:00
ord_00379,INV-10371,25594.87,,,0,18.00,ABCP1371Z,2026-04-16T00:00:00
ord_00418,INV-10372,13462.32,,,0,18.00,PANNOTAVAIL,2026-04-16T00:00:00
ord_00431,INV-10373,18615.31,,,0,18.00,ABCP1373Z,2026-04-16T00:00:00
ord_00437,INV-10374,27659.91,,1026,2765.99,18.00,ABCP1374Z,2026-04-16T00:00:00
ord_00463,INV-10375,47609.28,,,0,18.00,PANNOTAVAIL,2026-04-16T00:00:00
ord_00524,INV-10376,5212.05,,,0,18.00,ABCP1376Z,2026-04-16T00:00:00
ord_00043,INV-10377,5829.09,,,0,18.00,ABCP1377Z,2026-04-17T00:00:00
ord_00054,INV-10378,27692.18,,,0,18.00,PANNOTAVAIL,2026-04-17T00:00:00
ord_00101,INV-10379,6200.97,,,0,18.00,ABCP1379Z,2026-04-17T00:00:00
ord_00303,INV-10380,48248.54,,,0,18.00,ABCP1380Z,2026-04-17T00:00:00
ord_00491,INV-10381,5095.44,,,0,18.00,PANNOTAVAIL,2026-04-17T00:00:00
ord_00546,INV-10382,7606.74,,,0,18.00,ABCP1382Z,2026-04-17T00:00:00
ord_00557,INV-10383,32101.55,,,0,18.00,ABCP1383Z,2026-04-17T00:00:00
ord_00591,INV-10384,45467.45,194A,1026,9093.49,18.00,PANNOTAVAIL,2026-04-17T00:00:00
ord_00026,INV-10385,14856.15,,,0,18.00,ABCP1385Z,2026-04-18T00:00:00
ord_00157,INV-10386,43401.27,194A,,4340.13,18.00,ABCP1386Z,2026-04-18T00:00:00
ord_00309,INV-10387,21502.38,,,0,18.00,PANNOTAVAIL,2026-04-18T00:00:00
ord_00449,INV-10388,12943.14,,,0,18.00,ABCP1388Z,2026-04-18T00:00:00
ord_00473,INV-10389,22935.14,,,0,18.00,ABCP1389Z,2026-04-18T00:00:00
ord_00117,INV-10390,44870.76,194I,,8974.15,18.00,PANNOTAVAIL,2026-04-19T00:00:00
ord_00168,INV-10391,48240.00,,,0,18.00,ABCP1391Z,2026-04-19T00:00:00
ord_00244,INV-10392,45645.21,,1034,4564.52,18.00,ABCP1392Z,2026-04-19T00:00:00
ord_00289,INV-10393,8824.31,,,0,18.00,PANNOTAVAIL,2026-04-19T00:00:00
ord_00372,INV-10394,32590.14,,1034,3259.01,18.00,ABCP1394Z,2026-04-19T00:00:00
ord_00420,INV-10395,34735.24,,1028,3473.52,18.00,ABCP1395Z,2026-04-19T00:00:00
ord_00443,INV-10396,4137.72,,,0,18.00,PANNOTAVAIL,2026-04-19T00:00:00
ord_00138,INV-10397,13464.87,,,0,18.00,ABCP1397Z,2026-04-20T00:00:00
ord_00226,INV-10398,13282.75,,,0,18.00,ABCP1398Z,2026-04-20T00:00:00
ord_00359,INV-10399,33843.31,,,0,18.00,PANNOTAVAIL,2026-04-20T00:00:00
ord_00362,INV-10400,6239.54,,,0,18.00,ABCP1400Z,2026-04-20T00:00:00
ord_00194,INV-10401,20569.39,,,0,18.00,ABCP1401Z,2026-04-21T00:00:00
ord_00290,INV-10402,18202.07,,,0,18.00,PANNOTAVAIL,2026-04-21T00:00:00
ord_00327,INV-10403,37581.08,,1026,3758.11,18.00,ABCP1403Z,2026-04-21T00:00:00
ord_00363,INV-10404,24607.09,,,0,18.00,ABCP1404Z,2026-04-21T00:00:00
ord_00592,INV-10405,43732.84,194I,,8746.57,18.00,PANNOTAVAIL,2026-04-21T00:00:00
ord_00000,INV-10406,9839.12,,1031,491.96,18.00,ABCP1406Z,2026-04-22T00:00:00
ord_00023,INV-10407,31104.34,,,0,18.00,ABCP1407Z,2026-04-22T00:00:00
ord_00126,INV-10408,36032.11,,,0,18.00,PANNOTAVAIL,2026-04-22T00:00:00
ord_00242,INV-10409,39065.73,,1028,3906.57,18.00,ABCP1409Z,2026-04-22T00:00:00
ord_00275,INV-10410,41677.88,,,0,18.00,ABCP1410Z,2026-04-22T00:00:00
ord_00315,INV-10411,41748.94,,,0,18.00,PANNOTAVAIL,2026-04-22T00:00:00
ord_00411,INV-10412,39445.58,,,0,18.00,ABCP1412Z,2026-04-22T00:00:00
ord_00599,INV-10413,32953.95,,1028,3295.40,18.00,ABCP1413Z,2026-04-22T00:00:00
ord_00257,INV-10414,41673.07,,,0,18.00,PANNOTAVAIL,2026-04-23T00:00:00
ord_00300,INV-10415,12998.13,,,0,18.00,ABCP1415Z,2026-04-23T00:00:00
ord_00549,INV-10416,36017.90,,1023,360.18,18.00,ABCP1416Z,2026-04-23T00:00:00
ord_00569,INV-10417,40814.86,,,0,18.00,PANNOTAVAIL,2026-04-23T00:00:00
ord_00183,INV-10418,965.13,,,0,18.00,ABCP1418Z,2026-04-24T00:00:00
ord_00412,INV-10419,34750.33,,1026,3475.03,18.00,ABCP1419Z,2026-04-24T00:00:00
ord_00419,INV-10420,8806.53,194I,1026,1761.31,18.00,PANNOTAVAIL,2026-04-24T00:00:00
ord_00545,INV-10421,33379.81,,,0,18.00,ABCP1421Z,2026-04-24T00:00:00
ord_00020,INV-10422,19617.49,,,0,18.00,ABCP1422Z,2026-04-25T00:00:00
ord_00077,INV-10423,36659.19,,,0,18.00,PANNOTAVAIL,2026-04-25T00:00:00
ord_00163,INV-10424,10954.32,,,0,18.00,ABCP1424Z,2026-04-25T00:00:00
ord_00238,INV-10425,31585.73,,,0,18.00,ABCP1425Z,2026-04-25T00:00:00
ord_00261,INV-10426,49284.41,,,0,18.00,PANNOTAVAIL,2026-04-25T00:00:00
ord_00291,INV-10427,7310.49,,,0,18.00,ABCP1427Z,2026-04-25T00:00:00
ord_00320,INV-10428,34092.36,,,0,18.00,ABCP1428Z,2026-04-25T00:00:00
ord_00324,INV-10429,46016.04,,,0,18.00,PANNOTAVAIL,2026-04-25T00:00:00
ord_00556,INV-10430,28749.84,,,0,18.00,ABCP1430Z,2026-04-25T00:00:00
ord_00025,INV-10431,22895.72,,,0,18.00,ABCP1431Z,2026-04-26T00:00:00
ord_00064,INV-10432,31824.78,,,0,18.00,PANNOTAVAIL,2026-04-26T00:00:00
ord_00106,INV-10433,26855.65,,,0,18.00,ABCP1433Z,2026-04-26T00:00:00
ord_00108,INV-10434,25665.57,,,0,18.00,ABCP1434Z,2026-04-26T00:00:00
ord_00118,INV-10435,47023.41,,1034,9404.68,18.00,PANNOTAVAIL,2026-04-26T00:00:00
ord_00162,INV-10436,28199.18,,,0,18.00,ABCP1436Z,2026-04-26T00:00:00
ord_00417,INV-10437,45814.63,,1026,4581.46,18.00,ABCP1437Z,2026-04-26T00:00:00
ord_00458,INV-10438,21881.70,,,0,18.00,PANNOTAVAIL,2026-04-26T00:00:00
ord_00464,INV-10439,10753.50,,,0,18.00,ABCP1439Z,2026-04-26T00:00:00
ord_00003,INV-10440,46248.66,,,0,18.00,ABCP1440Z,2026-04-27T00:00:00
ord_00151,INV-10441,45481.03,,,0,18.00,PANNOTAVAIL,2026-04-27T00:00:00
ord_00173,INV-10442,18426.57,,,0,18.00,ABCP1442Z,2026-04-27T00:00:00
ord_00377,INV-10443,46351.97,,,0,18.00,ABCP1443Z,2026-04-27T00:00:00
ord_00390,INV-10444,11973.87,,,0,18.00,PANNOTAVAIL,2026-04-27T00:00:00
ord_00539,INV-10445,4892.73,,1031,244.64,18.00,ABCP1445Z,2026-04-27T00:00:00
ord_00029,INV-10446,27702.80,,,0,18.00,ABCP1446Z,2026-04-28T00:00:00
ord_00046,INV-10447,45544.33,,1023,9108.87,18.00,PANNOTAVAIL,2026-04-28T00:00:00
ord_00124,INV-10448,22644.57,,1031,1132.23,18.00,ABCP1448Z,2026-04-28T00:00:00
ord_00136,INV-10449,21432.07,,,0,18.00,ABCP1449Z,2026-04-28T00:00:00
ord_00424,INV-10450,31314.28,,,0,18.00,PANNOTAVAIL,2026-04-28T00:00:00
ord_00446,INV-10451,9556.49,,,0,18.00,ABCP1451Z,2026-04-28T00:00:00
ord_00520,INV-10452,47853.00,,1023,478.53,18.00,ABCP1452Z,2026-04-28T00:00:00
ord_00260,INV-10453,20909.91,,1023,4181.98,18.00,PANNOTAVAIL,2026-04-29T00:00:00
ord_00305,INV-10454,26009.01,,,0,18.00,ABCP1454Z,2026-04-29T00:00:00
ord_00380,INV-10455,21479.75,,,0,18.00,ABCP1455Z,2026-04-29T00:00:00
ord_00010,INV-10456,35951.46,,,0,18.00,PANNOTAVAIL,2026-04-30T00:00:00
ord_00229,INV-10457,21995.27,,1023,219.95,18.00,ABCP1457Z,2026-04-30T00:00:00
ord_00235,INV-10458,25798.58,,,0,18.00,ABCP1458Z,2026-04-30T00:00:00
ord_00349,INV-10459,20532.46,,1026,4106.49,18.00,PANNOTAVAIL,2026-04-30T00:00:00
ord_00583,INV-10460,12142.77,,,0,18.00,ABCP1460Z,2026-04-30T00:00:00
ord_00019,INV-10461,6334.70,,,0,18.00,ABCP1461Z,2026-05-01T00:00:00
ord_00296,INV-10462,24216.13,,1028,4843.23,18.00,PANNOTAVAIL,2026-05-01T00:00:00
ord_00502,INV-10463,35538.70,,1034,3553.87,18.00,ABCP1463Z,2026-05-01T00:00:00
ord_00063,INV-10464,26648.65,,,0,18.00,ABCP1464Z,2026-05-02T00:00:00
ord_00123,INV-10465,29262.88,,,0,18.00,PANNOTAVAIL,2026-05-02T00:00:00
ord_00181,INV-10466,32710.44,,,0,18.00,ABCP1466Z,2026-05-02T00:00:00
ord_00447,INV-10467,37708.70,,,0,18.00,ABCP1467Z,2026-05-02T00:00:00
ord_00593,INV-10468,12544.09,,,0,18.00,PANNOTAVAIL,2026-05-02T00:00:00
ord_00212,INV-10469,14344.95,,1034,1434.50,18.00,ABCP1469Z,2026-05-03T00:00:00
ord_00344,INV-10470,25544.67,,1028,2554.47,18.00,ABCP1470Z,2026-05-03T00:00:00
ord_00559,INV-10471,37214.70,,1034,7442.94,18.00,PANNOTAVAIL,2026-05-03T00:00:00
ord_00156,INV-10472,26813.16,,,0,18.00,ABCP1472Z,2026-05-04T00:00:00
ord_00514,INV-10473,12889.12,,,0,18.00,ABCP1473Z,2026-05-04T00:00:00
ord_00001,INV-10474,23571.13,,,0,18.00,PANNOTAVAIL,2026-05-05T00:00:00
ord_00036,INV-10475,47590.97,,,0,18.00,ABCP1475Z,2026-05-06T00:00:00
ord_00037,INV-10476,49538.62,194J,,4953.86,18.00,ABCP1476Z,2026-05-06T00:00:00
ord_00096,INV-10477,26807.07,,,0,18.00,PANNOTAVAIL,2026-05-06T00:00:00
ord_00121,INV-10478,46907.76,,,0,18.00,ABCP1478Z,2026-05-06T00:00:00
ord_00364,INV-10479,8081.56,,,0,18.00,ABCP1479Z,2026-05-06T00:00:00
ord_00395,INV-10480,35354.92,,,0,18.00,PANNOTAVAIL,2026-05-06T00:00:00
ord_00400,INV-10481,28913.49,,,0,18.00,ABCP1481Z,2026-05-06T00:00:00
ord_00440,INV-10482,5831.63,,,0,18.00,ABCP1482Z,2026-05-06T00:00:00
ord_00479,INV-10483,45000.11,,,0,18.00,PANNOTAVAIL,2026-05-06T00:00:00
ord_00041,INV-10484,4452.40,,1031,222.62,18.00,ABCP1484Z,2026-05-07T00:00:00
ord_00189,INV-10485,37625.74,,1034,3762.57,18.00,ABCP1485Z,2026-05-07T00:00:00
ord_00248,INV-10486,39482.57,,,0,18.00,PANNOTAVAIL,2026-05-07T00:00:00
ord_00402,INV-10487,19425.93,,,0,18.00,ABCP1487Z,2026-05-07T00:00:00
ord_00519,INV-10488,47789.55,,,0,18.00,ABCP1488Z,2026-05-07T00:00:00
ord_00012,INV-10489,28735.59,,,0,18.00,PANNOTAVAIL,2026-05-08T00:00:00
ord_00059,INV-10490,45186.63,,,0,18.00,ABCP1490Z,2026-05-08T00:00:00
ord_00311,INV-10491,23108.22,,,0,18.00,ABCP1491Z,2026-05-08T00:00:00
ord_00312,INV-10492,15196.06,194C,,3039.21,18.00,PANNOTAVAIL,2026-05-08T00:00:00
ord_00517,INV-10493,6821.09,,,0,18.00,ABCP1493Z,2026-05-08T00:00:00
ord_00047,INV-10494,29035.98,,,0,18.00,ABCP1494Z,2026-05-09T00:00:00
ord_00128,INV-10495,11473.94,,1026,2294.79,18.00,PANNOTAVAIL,2026-05-09T00:00:00
ord_00323,INV-10496,34404.66,,1028,3440.47,18.00,ABCP1496Z,2026-05-09T00:00:00
ord_00341,INV-10497,35307.89,,,0,18.00,ABCP1497Z,2026-05-09T00:00:00
ord_00493,INV-10498,12012.08,,,0,18.00,PANNOTAVAIL,2026-05-09T00:00:00
ord_00518,INV-10499,41949.54,,,0,18.00,ABCP1499Z,2026-05-09T00:00:00
ord_00552,INV-10500,41291.36,,1026,4129.14,18.00,ABCP1500Z,2026-05-09T00:00:00
ord_00184,INV-10501,36163.84,,1031,7232.77,18.00,PANNOTAVAIL,2026-05-10T00:00:00
ord_00224,INV-10502,3877.09,,,0,18.00,ABCP1502Z,2026-05-10T00:00:00
ord_00285,INV-10503,44336.56,,,0,18.00,ABCP1503Z,2026-05-10T00:00:00
ord_00388,INV-10504,19803.72,,,0,18.00,PANNOTAVAIL,2026-05-10T00:00:00
ord_00298,INV-10505,49975.13,,1034,4997.51,18.00,ABCP1505Z,2026-05-11T00:00:00
ord_00392,INV-10506,37478.92,,,0,18.00,ABCP1506Z,2026-05-11T00:00:00
ord_00174,INV-10507,14734.74,194C,,2946.95,18.00,PANNOTAVAIL,2026-05-12T00:00:00
ord_00236,INV-10508,47973.86,,,0,18.00,ABCP1508Z,2026-05-12T00:00:00
ord_00258,INV-10509,1946.46,,,0,18.00,ABCP1509Z,2026-05-12T00:00:00
ord_00581,INV-10510,12751.50,,,0,18.00,PANNOTAVAIL,2026-05-12T00:00:00
ord_00081,INV-10511,9666.15,,,0,18.00,ABCP1511Z,2026-05-13T00:00:00
ord_00142,INV-10512,21317.77,,1026,2131.78,18.00,ABCP1512Z,2026-05-13T00:00:00
ord_00252,INV-10513,22172.17,,,0,18.00,PANNOTAVAIL,2026-05-13T00:00:00
ord_00009,INV-10514,1045.15,,1031,52.26,18.00,ABCP1514Z,2026-05-14T00:00:00
ord_00015,INV-10515,4144.88,,,0,18.00,ABCP1515Z,2026-05-14T00:00:00
ord_00086,INV-10516,46664.63,,,0,18.00,PANNOTAVAIL,2026-05-14T00:00:00
ord_00462,INV-10517,11414.87,,,0,18.00,ABCP1517Z,2026-05-14T00:00:00
ord_00472,INV-10518,36496.55,,,0,18.00,ABCP1518Z,2026-05-14T00:00:00
ord_00533,INV-10519,29309.64,,1028,5861.93,18.00,PANNOTAVAIL,2026-05-14T00:00:00
ord_00548,INV-10520,11220.11,,,0,18.00,ABCP1520Z,2026-05-15T00:00:00
ord_00280,INV-10521,5981.40,,,0,18.00,ABCP1521Z,2026-05-16T00:00:00
ord_00301,INV-10522,12431.64,,,0,18.00,PANNOTAVAIL,2026-05-16T00:00:00
ord_00343,INV-10523,715.18,,,0,18.00,ABCP1523Z,2026-05-16T00:00:00
ord_00018,INV-10524,30836.14,,1034,3078.61,18.00,ABCP1524Z,2026-05-17T00:00:00
ord_00116,INV-10525,46068.42,,,0,18.00,PANNOTAVAIL,2026-05-17T00:00:00
ord_00132,INV-10526,31472.08,,,0,18.00,ABCP1526Z,2026-05-17T00:00:00
ord_00190,INV-10527,46458.83,,,0,18.00,ABCP1527Z,2026-05-17T00:00:00
ord_00203,INV-10528,35744.19,,,0,18.00,PANNOTAVAIL,2026-05-17T00:00:00
ord_00221,INV-10529,7370.79,,,0,18.00,ABCP1529Z,2026-05-17T00:00:00
ord_00398,INV-10530,14302.98,,,0,18.00,ABCP1530Z,2026-05-17T00:00:00
ord_00505,INV-10531,30854.40,,1028,6170.88,18.00,PANNOTAVAIL,2026-05-17T00:00:00
ord_00573,INV-10532,37197.85,,,0,18.00,ABCP1532Z,2026-05-17T00:00:00
ord_00586,INV-10533,13042.61,,,0,18.00,ABCP1533Z,2026-05-17T00:00:00
ord_00193,INV-10534,23762.56,,1026,4752.51,18.00,PANNOTAVAIL,2026-05-18T00:00:00
ord_00100,INV-10535,16088.12,,1034,1608.81,18.00,ABCP1535Z,2026-05-19T00:00:00
ord_00240,INV-10536,35737.08,,,0,18.00,ABCP1536Z,2026-05-19T00:00:00
ord_00250,INV-10537,27764.16,,,0,18.00,PANNOTAVAIL,2026-05-19T00:00:00
ord_00381,INV-10538,25843.80,,,0,18.00,ABCP1538Z,2026-05-19T00:00:00
ord_00403,INV-10539,47250.77,,1028,4725.08,18.00,ABCP1539Z,2026-05-19T00:00:00
ord_00469,INV-10540,9578.01,,1034,1915.60,18.00,PANNOTAVAIL,2026-05-19T00:00:00
ord_00470,INV-10541,47162.93,,,0,18.00,ABCP1541Z,2026-05-19T00:00:00
ord_00205,INV-10542,48792.40,,,0,18.00,ABCP1542Z,2026-05-20T00:00:00
ord_00318,INV-10543,13990.96,,,0,18.00,PANNOTAVAIL,2026-05-20T00:00:00
ord_00360,INV-10544,28062.07,,,0,18.00,ABCP1544Z,2026-05-20T00:00:00
ord_00423,INV-10545,30924.31,,1031,1546.22,18.00,ABCP1545Z,2026-05-20T00:00:00
ord_00079,INV-10546,5044.20,,,0,18.00,PANNOTAVAIL,2026-05-21T00:00:00
ord_00139,INV-10547,14131.63,,,0,18.00,ABCP1547Z,2026-05-21T00:00:00
ord_00149,INV-10548,6323.43,,,0,18.00,ABCP1548Z,2026-05-21T00:00:00
ord_00216,INV-10549,39230.07,,1028,7851.01,18.00,PANNOTAVAIL,2026-05-21T00:00:00
ord_00287,INV-10550,49869.06,,1034,4986.91,18.00,ABCP1550Z,2026-05-21T00:00:00
ord_00340,INV-10551,6356.09,194A,,635.61,18.00,ABCP1551Z,2026-05-21T00:00:00
ord_00345,INV-10552,12965.08,,,0,18.00,PANNOTAVAIL,2026-05-21T00:00:00
ord_00521,INV-10553,27019.65,,,0,18.00,ABCP1553Z,2026-05-21T00:00:00
ord_00051,INV-10554,25535.36,,,0,18.00,ABCP1554Z,2026-05-22T00:00:00
ord_00085,INV-10555,6823.74,,1023,1364.75,18.00,PANNOTAVAIL,2026-05-22T00:00:00
ord_00144,INV-10556,3748.45,,,0,18.00,ABCP1556Z,2026-05-22T00:00:00
ord_00276,INV-10557,1528.89,,1023,15.29,18.00,ABCP1557Z,2026-05-22T00:00:00
ord_00354,INV-10558,8919.19,,,0,18.00,PANNOTAVAIL,2026-05-22T00:00:00
ord_00357,INV-10559,13448.75,,,0,18.00,ABCP1559Z,2026-05-22T00:00:00
ord_00509,INV-10560,26527.71,,,0,18.00,ABCP1560Z,2026-05-22T00:00:00
ord_00568,INV-10561,21471.78,,1026,4294.36,18.00,PANNOTAVAIL,2026-05-22T00:00:00
ord_00056,INV-10562,26296.15,,1034,2629.62,18.00,ABCP1562Z,2026-05-23T00:00:00
ord_00114,INV-10563,20992.06,,,0,18.00,ABCP1563Z,2026-05-23T00:00:00
ord_00140,INV-10564,35085.76,,1034,7017.15,18.00,PANNOTAVAIL,2026-05-23T00:00:00
ord_00153,INV-10565,22412.31,,,0,18.00,ABCP1565Z,2026-05-23T00:00:00
ord_00330,INV-10566,41160.57,,,0,18.00,ABCP1566Z,2026-05-23T00:00:00
ord_00034,INV-10567,38991.28,,1034,7798.26,18.00,PANNOTAVAIL,2026-05-24T00:00:00
ord_00308,INV-10568,36741.19,,,0,18.00,ABCP1568Z,2026-05-24T00:00:00
ord_00483,INV-10569,4913.14,,1034,491.31,18.00,ABCP1569Z,2026-05-24T00:00:00
ord_00575,INV-10570,29825.32,,,0,18.00,PANNOTAVAIL,2026-05-24T00:00:00
ord_00038,INV-10571,49450.28,,,0,18.00,ABCP1571Z,2026-05-25T00:00:00
ord_00191,INV-10572,13851.13,,1034,1385.11,18.00,ABCP1572Z,2026-05-25T00:00:00
ord_00065,INV-10573,43917.40,,,0,18.00,PANNOTAVAIL,2026-05-26T00:00:00
ord_00135,INV-10574,30515.21,,,0,18.00,ABCP1574Z,2026-05-26T00:00:00
ord_00204,INV-10575,49496.13,,,0,18.00,ABCP1575Z,2026-05-26T00:00:00
ord_00376,INV-10576,39528.27,,,0,18.00,PANNOTAVAIL,2026-05-26T00:00:00
ord_00391,INV-10577,3807.00,,1023,38.07,18.00,ABCP1577Z,2026-05-26T00:00:00
ord_00448,INV-10578,7277.19,,,0,18.00,ABCP1578Z,2026-05-26T00:00:00
ord_00513,INV-10579,29807.72,,1034,5961.54,18.00,PANNOTAVAIL,2026-05-26T00:00:00
ord_00214,INV-10580,33552.81,,,0,18.00,ABCP1580Z,2026-05-27T00:00:00
ord_00387,INV-10581,42168.50,,,0,18.00,ABCP1581Z,2026-05-27T00:00:00
ord_00399,INV-10582,40920.32,,1031,8184.06,18.00,PANNOTAVAIL,2026-05-27T00:00:00
ord_00574,INV-10583,19125.89,,1031,956.29,18.00,ABCP1583Z,2026-05-27T00:00:00
ord_00187,INV-10584,10680.29,,,0,18.00,ABCP1584Z,2026-05-28T00:00:00
ord_00213,INV-10585,11206.19,,1026,2241.24,18.00,PANNOTAVAIL,2026-05-28T00:00:00
ord_00410,INV-10586,19069.62,,1023,190.70,18.00,ABCP1586Z,2026-05-28T00:00:00
ord_00475,INV-10587,29006.55,,,0,18.00,ABCP1587Z,2026-05-28T00:00:00
ord_00500,INV-10588,7031.58,,,0,18.00,PANNOTAVAIL,2026-05-28T00:00:00
ord_00544,INV-10589,29845.09,,,0,18.00,ABCP1589Z,2026-05-28T00:00:00
ord_00232,INV-10590,26668.87,,1031,1333.44,18.00,ABCP1590Z,2026-05-29T00:00:00
ord_00329,INV-10591,24661.63,,,0,18.00,PANNOTAVAIL,2026-05-29T00:00:00
ord_00105,INV-10592,22374.61,,,0,18.00,ABCP1592Z,2026-05-30T00:00:00
ord_00113,INV-10593,29776.98,,,0,18.00,ABCP1593Z,2026-05-30T00:00:00
ord_00119,INV-10594,9189.46,,,0,18.00,PANNOTAVAIL,2026-05-30T00:00:00
ord_00336,INV-10595,24983.12,,1031,1249.16,18.00,ABCP1595Z,2026-05-30T00:00:00
ord_00342,INV-10596,43092.12,,,0,18.00,ABCP1596Z,2026-05-30T00:00:00
ord_00580,INV-10597,8811.69,,,0,18.00,PANNOTAVAIL,2026-05-30T00:00:00
ord_00152,INV-10598,2815.30,,,0,18.00,ABCP1598Z,2026-05-31T00:00:00
ord_00306,INV-10599,23337.66,,,0,18.00,ABCP1599Z,2026-05-31T00:00:00
