settlement_id,settlement_utr,entity_id,type,amount,fee,tax,on_hold,settled,created_at,settled_at,payment_id,order_id,dispute_id,method,card_network
setl_0000_000,1581995604661839,ent_001,payment,44114.07,882.28,158.81,False,True,2026-01-31T00:00:00,2026-02-05T12:00:00,pay_00160,ord_00160,,NEFT,
setl_0000_001,1581995604661839,ent_001,payment,15717.40,314.35,56.58,False,True,2026-01-31T00:00:00,2026-02-05T12:00:00,pay_00476,ord_00476,,NEFT,
setl_0000_002,1581995604661839,ent_001,payment,42223.70,844.47,152.00,False,True,2026-01-31T00:00:00,2026-02-05T12:00:00,pay_00495,ord_00495,,CARD,MASTERCARD
setl_0000_003,1581995604661839,ent_001,payment,12592.63,251.85,45.33,False,True,2026-02-01T00:00:00,2026-02-05T12:00:00,pay_00356,ord_00356,,CARD,MASTERCARD
setl_0000_004,1581995604661839,ent_001,payment,47973.56,959.47,172.70,False,True,2026-02-01T00:00:00,2026-02-05T12:00:00,pay_00386,ord_00386,,UPI,
setl_0000_005,1581995604661839,ent_001,payment,30551.54,611.03,109.99,False,True,2026-02-01T00:00:00,2026-02-05T12:00:00,pay_00436,ord_00436,,NEFT,
setl_0000_005_rf,1581995604661839,ent_001,refund,-15275.77,0,0,False,True,2026-02-01T00:00:00,2026-02-05T12:00:00,pay_00436,ord_00436,,NEFT,
setl_0000_006,1581995604661839,ent_001,payment,9884.14,197.68,35.58,False,True,2026-02-02T00:00:00,2026-02-05T12:00:00,pay_00055,ord_00055,,RTGS,
setl_0000_007,1581995604661839,ent_001,payment,45749.74,914.99,164.70,False,True,2026-02-02T00:00:00,2026-02-05T12:00:00,pay_00222,ord_00222,,UPI,
setl_0000_008,1581995604661839,ent_001,payment,33702.59,674.05,121.33,False,True,2026-02-02T00:00:00,2026-02-05T12:00:00,pay_00385,ord_00385,,RTGS,
setl_0000_009,1581995604661839,ent_001,payment,30916.89,618.34,111.30,False,True,2026-02-02T00:00:00,2026-02-05T12:00:00,pay_00550,ord_00550,,RTGS,
setl_0000_010,1581995604661839,ent_001,payment,21968.45,439.37,79.09,False,True,2026-02-02T00:00:00,2026-02-05T12:00:00,pay_00585,ord_00585,,NEFT,
setl_0000_011,1581995604661839,ent_001,payment,8359.72,167.19,30.09,False,True,2026-02-03T00:00:00,2026-02-05T12:00:00,pay_00005,ord_00005,,NEFT,
setl_0000_012,1581995604661839,ent_001,payment,4376.68,87.53,15.76,False,True,2026-02-03T00:00:00,2026-02-05T12:00:00,pay_00178,ord_00178,,NEFT,
setl_0000_013,1581995604661839,ent_001,payment,20573.72,411.47,74.06,False,True,2026-02-03T00:00:00,2026-02-05T12:00:00,pay_00331,ord_00331,,NEFT,
setl_0000_014,1581995604661839,ent_001,payment,47594.26,951.89,171.34,False,True,2026-02-03T00:00:00,2026-02-05T12:00:00,pay_00409,ord_00409,,RTGS,
setl_0000_015,1581995604661839,ent_001,payment,19917.63,398.35,71.70,False,True,2026-02-04T00:00:00,2026-02-05T12:00:00,pay_00295,ord_00295,,RTGS,
setl_0000_016,1581995604661839,ent_001,payment,11090.30,221.81,39.93,False,True,2026-02-04T00:00:00,2026-02-05T12:00:00,pay_00353,ord_00353,,RTGS,
setl_0000_017,1581995604661839,ent_001,payment,31582.30,631.65,113.70,False,True,2026-02-04T00:00:00,2026-02-05T12:00:00,pay_00421,ord_00421,,NEFT,
setl_0000_018,1581995604661839,ent_001,payment,24565.18,491.30,88.43,False,True,2026-02-04T00:00:00,2026-02-05T12:00:00,pay_00582,ord_00582,,CARD,MASTERCARD
setl_0001_000,6617979688680589,ent_001,payment,797.43,15.95,2.87,False,True,2026-02-05T00:00:00,2026-02-08T12:00:00,pay_00127,ord_00127,,RTGS,
setl_0001_001,6617979688680589,ent_001,payment,27710.51,554.21,99.76,False,True,2026-02-05T00:00:00,2026-02-08T12:00:00,pay_00367,ord_00367,,UPI,
setl_0001_002,6617979688680589,ent_001,payment,18998.42,379.97,68.39,False,True,2026-02-05T00:00:00,2026-02-08T12:00:00,pay_00490,ord_00490,,CARD,RUPAY
setl_0001_003,6617979688680589,ent_001,payment,45847.80,916.96,165.05,False,True,2026-02-06T00:00:00,2026-02-08T12:00:00,pay_00087,ord_00087,,UPI,
setl_0001_004,6617979688680589,ent_001,payment,49504.36,990.09,178.22,True,True,2026-02-06T00:00:00,2026-02-08T12:00:00,pay_00097,ord_00097,,CARD,MASTERCARD
setl_0001_005,6617979688680589,ent_001,payment,47258.58,945.17,170.13,False,True,2026-02-06T00:00:00,2026-02-08T12:00:00,pay_00186,ord_00186,,NEFT,
setl_0001_006,6617979688680589,ent_001,payment,22323.49,446.47,80.36,False,True,2026-02-06T00:00:00,2026-02-08T12:00:00,pay_00217,ord_00217,,CARD,MASTERCARD
setl_0001_007,6617979688680589,ent_001,payment,28476.77,569.54,102.52,False,True,2026-02-06T00:00:00,2026-02-08T12:00:00,pay_00428,ord_00428,,NEFT,
setl_0001_008,6617979688680589,ent_001,payment,20705.77,414.12,74.54,False,True,2026-02-07T00:00:00,2026-02-08T12:00:00,pay_00057,ord_00057,,UPI,
setl_0002_000,2545738757177514,ent_001,payment,34274.32,685.49,123.39,False,True,2026-02-07T00:00:00,2026-02-09T12:00:00,pay_00080,ord_00080,,RTGS,
setl_0002_001,2545738757177514,ent_001,payment,43099.74,861.99,155.16,False,True,2026-02-07T00:00:00,2026-02-09T12:00:00,pay_00099,ord_00099,,UPI,
setl_0002_002,2545738757177514,ent_001,payment,14418.61,288.37,51.91,False,True,2026-02-07T00:00:00,2026-02-09T12:00:00,pay_00302,ord_00302,,RTGS,
setl_0002_003,2545738757177514,ent_001,payment,33898.37,677.97,122.03,False,True,2026-02-07T00:00:00,2026-02-09T12:00:00,pay_00425,ord_00425,,RTGS,
setl_0002_004,2545738757177514,ent_001,payment,31431.95,628.64,113.16,False,True,2026-02-07T00:00:00,2026-02-09T12:00:00,pay_00527,ord_00527,,RTGS,
setl_0002_005,2545738757177514,ent_001,payment,38292.61,765.85,137.85,False,True,2026-02-07T00:00:00,2026-02-09T12:00:00,pay_00532,ord_00532,,UPI,
setl_0002_006,2545738757177514,ent_001,payment,28860.67,577.21,103.90,False,True,2026-02-08T00:00:00,2026-02-09T12:00:00,pay_00067,ord_00067,,UPI,
setl_0002_007,2545738757177514,ent_001,payment,3135.10,62.70,11.29,False,True,2026-02-08T00:00:00,2026-02-09T12:00:00,pay_00071,ord_00071,,RTGS,
setl_0002_007_rf,2545738757177514,ent_001,refund,-783.78,0,0,False,True,2026-02-08T00:00:00,2026-02-09T12:00:00,pay_00071,ord_00071,,RTGS,
setl_0002_008,2545738757177514,ent_001,payment,35301.64,706.03,127.09,False,True,2026-02-08T00:00:00,2026-02-09T12:00:00,pay_00200,ord_00200,,CARD,VISA
setl_0002_009,2545738757177514,ent_001,payment,46990.31,939.81,169.17,False,True,2026-02-08T00:00:00,2026-02-09T12:00:00,pay_00430,ord_00430,,NEFT,
setl_0002_010,2545738757177514,ent_001,payment,28156.46,563.13,101.36,False,True,2026-02-08T00:00:00,2026-02-09T12:00:00,pay_00540,ord_00540,,UPI,
setl_0003_000,9696915579249912,ent_001,payment,9799.43,195.99,35.28,False,True,2026-02-08T00:00:00,2026-02-12T12:00:00,pay_00590,ord_00590,,CARD,VISA
setl_0003_001,9696915579249912,ent_001,payment,44629.06,892.58,160.66,False,True,2026-02-08T00:00:00,2026-02-12T12:00:00,pay_00597,ord_00597,,UPI,
setl_0003_002,9696915579249912,ent_001,payment,5438.68,108.77,19.58,False,True,2026-02-09T00:00:00,2026-02-12T12:00:00,pay_00070,ord_00070,,NEFT,
setl_0003_003,9696915579249912,ent_001,payment,43630.54,872.61,157.07,False,True,2026-02-09T00:00:00,2026-02-12T12:00:00,pay_00072,ord_00072,,NEFT,
setl_0003_004,9696915579249912,ent_001,payment,45600.04,912.00,164.16,False,True,2026-02-09T00:00:00,2026-02-12T12:00:00,pay_00111,ord_00111,,NEFT,
setl_0003_005,9696915579249912,ent_001,payment,13003.57,260.07,46.81,False,True,2026-02-09T00:00:00,2026-02-12T12:00:00,pay_00131,ord_00131,,UPI,
setl_0003_006,9696915579249912,ent_001,payment,20081.00,401.62,72.29,False,True,2026-02-09T00:00:00,2026-02-12T12:00:00,pay_00297,ord_00297,,RTGS,
setl_0003_006_cb,9696915579249912,ent_001,adjustment,-10040.50,0,0,False,True,2026-02-09T00:00:00,2026-02-12T12:00:00,pay_00297,ord_00297,disp_0003_006,RTGS,
setl_0003_007,9696915579249912,ent_001,payment,37554.97,751.10,135.20,False,True,2026-02-09T00:00:00,2026-02-12T12:00:00,pay_00378,ord_00378,,RTGS,
setl_0003_008,9696915579249912,ent_001,payment,33808.74,676.17,121.71,False,True,2026-02-09T00:00:00,2026-02-12T12:00:00,pay_00498,ord_00498,,UPI,
setl_0003_009,9696915579249912,ent_001,payment,43322.44,866.45,155.96,False,True,2026-02-09T00:00:00,2026-02-12T12:00:00,pay_00511,ord_00511,,UPI,
setl_0003_010,9696915579249912,ent_001,payment,8074.61,161.49,29.07,False,True,2026-02-09T00:00:00,2026-02-12T12:00:00,pay_00528,ord_00528,,CARD,VISA
setl_0003_011,9696915579249912,ent_001,payment,25312.83,506.26,91.13,False,True,2026-02-09T00:00:00,2026-02-12T12:00:00,pay_00554,ord_00554,,UPI,
setl_0003_012,9696915579249912,ent_001,payment,46808.52,936.17,168.51,False,True,2026-02-10T00:00:00,2026-02-12T12:00:00,pay_00017,ord_00017,,RTGS,
setl_0003_013,9696915579249912,ent_001,payment,20027.91,400.56,72.10,False,True,2026-02-10T00:00:00,2026-02-12T12:00:00,pay_00021,ord_00021,,UPI,
setl_0003_014,9696915579249912,ent_001,payment,41267.83,825.36,148.56,False,True,2026-02-10T00:00:00,2026-02-12T12:00:00,pay_00058,ord_00058,,UPI,
setl_0003_015,9696915579249912,ent_001,payment,36454.64,729.09,131.24,False,True,2026-02-10T00:00:00,2026-02-12T12:00:00,pay_00215,ord_00215,,NEFT,
setl_0003_016,9696915579249912,ent_001,payment,21319.76,426.40,76.75,False,True,2026-02-10T00:00:00,2026-02-12T12:00:00,pay_00283,ord_00283,,UPI,
setl_0003_017,9696915579249912,ent_001,payment,49383.73,987.67,177.78,False,True,2026-02-10T00:00:00,2026-02-12T12:00:00,pay_00543,ord_00543,,NEFT,
setl_0003_018,9696915579249912,ent_001,payment,32370.61,647.41,116.53,False,True,2026-02-11T00:00:00,2026-02-12T12:00:00,pay_00013,ord_00013,,UPI,
setl_0003_018_rf,9696915579249912,ent_001,refund,-16185.31,0,0,False,True,2026-02-11T00:00:00,2026-02-12T12:00:00,pay_00013,ord_00013,,UPI,
setl_0003_019,9696915579249912,ent_001,payment,20328.94,406.58,73.18,False,True,2026-02-11T00:00:00,2026-02-12T12:00:00,pay_00088,ord_00088,,NEFT,
setl_0003_020,9696915579249912,ent_001,payment,20202.20,404.04,72.73,False,True,2026-02-11T00:00:00,2026-02-12T12:00:00,pay_00176,ord_00176,,RTGS,
setl_0004_000,9629233095849825,ent_001,payment,19703.57,394.07,70.93,False,True,2026-02-11T00:00:00,2026-02-14T12:00:00,pay_00310,ord_00310,,UPI,
setl_0004_001,9629233095849825,ent_001,payment,25255.65,505.11,90.92,False,True,2026-02-11T00:00:00,2026-02-14T12:00:00,pay_00394,ord_00394,,RTGS,
setl_0004_002,9629233095849825,ent_001,payment,33599.31,671.99,120.96,False,True,2026-02-11T00:00:00,2026-02-14T12:00:00,pay_00404,ord_00404,,UPI,
setl_0004_003,9629233095849825,ent_001,payment,18292.72,365.85,65.85,False,True,2026-02-11T00:00:00,2026-02-14T12:00:00,pay_00427,ord_00427,,UPI,
setl_0004_004,9629233095849825,ent_001,payment,7660.88,153.22,27.58,False,True,2026-02-11T00:00:00,2026-02-14T12:00:00,pay_00460,ord_00460,,UPI,
setl_0004_005,9629233095849825,ent_001,payment,16783.76,335.68,60.42,False,True,2026-02-12T00:00:00,2026-02-14T12:00:00,pay_00270,ord_00270,,RTGS,
setl_0004_006,9629233095849825,ent_001,payment,44619.97,892.40,160.63,False,True,2026-02-12T00:00:00,2026-02-14T12:00:00,pay_00355,ord_00355,,CARD,MASTERCARD
setl_0004_007,9629233095849825,ent_001,payment,8931.15,178.62,32.15,False,True,2026-02-12T00:00:00,2026-02-14T12:00:00,pay_00365,ord_00365,,CARD,MASTERCARD
setl_0004_008,9629233095849825,ent_001,payment,20196.45,403.93,72.71,False,True,2026-02-12T00:00:00,2026-02-14T12:00:00,pay_00415,ord_00415,,NEFT,
setl_0004_009,9629233095849825,ent_001,payment,10097.74,201.95,36.35,False,True,2026-02-12T00:00:00,2026-02-14T12:00:00,pay_00453,ord_00453,,NEFT,
setl_0004_010,9629233095849825,ent_001,payment,36953.85,739.08,133.03,False,True,2026-02-13T00:00:00,2026-02-14T12:00:00,pay_00155,ord_00155,,RTGS,
setl_0004_011,9629233095849825,ent_001,payment,36866.57,737.33,132.72,False,True,2026-02-13T00:00:00,2026-02-14T12:00:00,pay_00241,ord_00241,,RTGS,
setl_0004_012,9629233095849825,ent_001,payment,20114.40,402.29,72.41,False,True,2026-02-13T00:00:00,2026-02-14T12:00:00,pay_00408,ord_00408,,CARD,RUPAY
setl_0004_013,9629233095849825,ent_001,payment,48979.31,979.59,176.33,False,True,2026-02-13T00:00:00,2026-02-14T12:00:00,pay_00467,ord_00467,,NEFT,
setl_0004_014,9629233095849825,ent_001,payment,12784.63,255.69,46.02,False,True,2026-02-13T00:00:00,2026-02-14T12:00:00,pay_00515,ord_00515,,RTGS,
setl_0005_000,8929750017012770,ent_001,payment,2662.59,53.25,9.59,False,True,2026-02-14T00:00:00,2026-02-17T12:00:00,pay_00435,ord_00435,,NEFT,
setl_0005_001,8929750017012770,ent_001,payment,23867.99,477.36,85.92,False,True,2026-02-14T00:00:00,2026-02-17T12:00:00,pay_00471,ord_00471,,NEFT,
setl_0005_002,8929750017012770,ent_001,payment,34476.57,689.53,124.12,False,True,2026-02-14T00:00:00,2026-02-17T12:00:00,pay_00503,ord_00503,,UPI,
setl_0005_003,8929750017012770,ent_001,payment,24667.71,493.35,88.80,False,True,2026-02-14T00:00:00,2026-02-17T12:00:00,pay_00587,ord_00587,,NEFT,
setl_0005_004,8929750017012770,ent_001,payment,21295.83,425.92,76.67,False,True,2026-02-15T00:00:00,2026-02-17T12:00:00,pay_00066,ord_00066,,NEFT,
setl_0005_005,8929750017012770,ent_001,payment,16655.14,333.10,59.96,False,True,2026-02-15T00:00:00,2026-02-17T12:00:00,pay_00266,ord_00266,,RTGS,
setl_0005_006,8929750017012770,ent_001,payment,45451.52,909.03,163.63,False,True,2026-02-15T00:00:00,2026-02-17T12:00:00,pay_00267,ord_00267,,NEFT,
setl_0005_007,8929750017012770,ent_001,payment,13416.03,268.32,48.30,False,True,2026-02-15T00:00:00,2026-02-17T12:00:00,pay_00335,ord_00335,,CARD,RUPAY
setl_0005_008,8929750017012770,ent_001,payment,40369.57,807.39,145.33,True,True,2026-02-16T00:00:00,2026-02-17T12:00:00,pay_00060,ord_00060,,NEFT,
setl_0005_009,8929750017012770,ent_001,payment,40225.18,804.50,144.81,False,True,2026-02-16T00:00:00,2026-02-17T12:00:00,pay_00227,ord_00227,,UPI,
setl_0006_000,1155426221890927,ent_001,payment,47860.23,957.20,172.30,False,True,2026-02-16T00:00:00,2026-02-21T12:00:00,pay_00429,ord_00429,,NEFT,
setl_0006_001,1155426221890927,ent_001,payment,35812.73,716.25,128.93,False,True,2026-02-16T00:00:00,2026-02-21T12:00:00,pay_00439,ord_00439,,UPI,
setl_0006_002,1155426221890927,ent_001,payment,23570.01,471.40,84.85,False,True,2026-02-16T00:00:00,2026-02-21T12:00:00,pay_00450,ord_00450,,RTGS,
setl_0006_003,1155426221890927,ent_001,payment,35889.99,717.80,129.20,False,True,2026-02-17T00:00:00,2026-02-21T12:00:00,pay_00083,ord_00083,,NEFT,
setl_0006_004,1155426221890927,ent_001,payment,39477.09,789.54,142.12,False,True,2026-02-17T00:00:00,2026-02-21T12:00:00,pay_00188,ord_00188,,RTGS,
setl_0006_005,1155426221890927,ent_001,payment,13152.59,263.05,47.35,False,True,2026-02-17T00:00:00,2026-02-21T12:00:00,pay_00198,ord_00198,,NEFT,
setl_0006_006,1155426221890927,ent_001,payment,4303.96,86.08,15.49,False,True,2026-02-17T00:00:00,2026-02-21T12:00:00,pay_00413,ord_00413,,UPI,
setl_0006_007,1155426221890927,ent_001,payment,3071.70,61.43,11.06,True,True,2026-02-18T00:00:00,2026-02-21T12:00:00,pay_00478,ord_00478,,UPI,
setl_0006_008,1155426221890927,ent_001,payment,13920.26,278.41,50.11,False,True,2026-02-19T00:00:00,2026-02-21T12:00:00,pay_00042,ord_00042,,CARD,RUPAY
setl_0006_009,1155426221890927,ent_001,payment,31866.16,637.32,114.72,False,True,2026-02-19T00:00:00,2026-02-21T12:00:00,pay_00052,ord_00052,,NEFT,
setl_0006_010,1155426221890927,ent_001,payment,16429.78,328.60,59.15,False,True,2026-02-19T00:00:00,2026-02-21T12:00:00,pay_00094,ord_00094,,RTGS,
setl_0006_011,1155426221890927,ent_001,payment,13015.60,260.31,46.86,False,True,2026-02-19T00:00:00,2026-02-21T12:00:00,pay_00282,ord_00282,,RTGS,
setl_0006_012,1155426221890927,ent_001,payment,40284.47,805.69,145.02,False,True,2026-02-19T00:00:00,2026-02-21T12:00:00,pay_00459,ord_00459,,UPI,
setl_0006_013,1155426221890927,ent_001,payment,40948.97,818.98,147.42,False,True,2026-02-19T00:00:00,2026-02-21T12:00:00,pay_00468,ord_00468,,NEFT,
setl_0006_014,1155426221890927,ent_001,payment,39277.19,785.54,141.40,False,True,2026-02-20T00:00:00,2026-02-21T12:00:00,pay_00027,ord_00027,,CARD,RUPAY
setl_0006_015,1155426221890927,ent_001,payment,37563.84,751.28,135.23,False,True,2026-02-20T00:00:00,2026-02-21T12:00:00,pay_00129,ord_00129,,CARD,VISA
setl_0006_015_rf,1155426221890927,ent_001,refund,-9390.96,0,0,False,True,2026-02-20T00:00:00,2026-02-21T12:00:00,pay_00129,ord_00129,,CARD,VISA
setl_0006_016,1155426221890927,ent_001,payment,9567.71,191.35,34.44,False,True,2026-02-20T00:00:00,2026-02-21T12:00:00,pay_00143,ord_00143,,CARD,VISA
setl_0006_017,1155426221890927,ent_001,payment,724.45,14.49,2.61,False,True,2026-02-20T00:00:00,2026-02-21T12:00:00,pay_00293,ord_00293,,CARD,RUPAY
setl_0007_000,8892414183285691,ent_001,payment,4674.38,93.49,16.83,False,True,2026-02-20T00:00:00,2026-02-28T12:00:00,pay_00484,ord_00484,,UPI,
setl_0007_001,8892414183285691,ent_001,payment,15670.45,313.41,56.41,False,True,2026-02-20T00:00:00,2026-02-28T12:00:00,pay_00558,ord_00558,,NEFT,
setl_0007_002,8892414183285691,ent_001,payment,17251.85,345.04,62.11,False,True,2026-02-20T00:00:00,2026-02-28T12:00:00,pay_00567,ord_00567,,NEFT,
setl_0007_003,8892414183285691,ent_001,payment,32290.56,645.81,116.25,False,True,2026-02-21T00:00:00,2026-02-28T12:00:00,pay_00091,ord_00091,,UPI,
setl_0007_004,8892414183285691,ent_001,payment,10107.71,202.15,36.39,True,True,2026-02-21T00:00:00,2026-02-28T12:00:00,pay_00230,ord_00230,,NEFT,
setl_0007_005,8892414183285691,ent_001,payment,25621.03,512.42,92.24,False,True,2026-02-21T00:00:00,2026-02-28T12:00:00,pay_00366,ord_00366,,UPI,
setl_0007_006,8892414183285691,ent_001,payment,15185.88,303.72,54.67,False,True,2026-02-21T00:00:00,2026-02-28T12:00:00,pay_00371,ord_00371,,UPI,
setl_0007_007,8892414183285691,ent_001,payment,28365.73,567.31,102.12,False,True,2026-02-22T00:00:00,2026-02-28T12:00:00,pay_00141,ord_00141,,CARD,MASTERCARD
setl_0007_008,8892414183285691,ent_001,payment,43949.44,878.99,158.22,False,True,2026-02-22T00:00:00,2026-02-28T12:00:00,pay_00185,ord_00185,,CARD,MASTERCARD
setl_0007_009,8892414183285691,ent_001,payment,22760.64,455.21,81.94,False,True,2026-02-22T00:00:00,2026-02-28T12:00:00,pay_00438,ord_00438,,UPI,
setl_0007_010,8892414183285691,ent_001,payment,11336.88,226.74,40.81,False,True,2026-02-22T00:00:00,2026-02-28T12:00:00,pay_00496,ord_00496,,CARD,MASTERCARD
setl_0007_011,8892414183285691,ent_001,payment,49601.00,992.02,178.56,False,True,2026-02-23T00:00:00,2026-02-28T12:00:00,pay_00314,ord_00314,,CARD,VISA
setl_0007_012,8892414183285691,ent_001,payment,23423.58,468.47,84.32,False,True,2026-02-23T00:00:00,2026-02-28T12:00:00,pay_00474,ord_00474,,RTGS,
setl_0007_013,8892414183285691,ent_001,payment,18467.78,369.36,66.48,False,True,2026-02-23T00:00:00,2026-02-28T12:00:00,pay_00551,ord_00551,,RTGS,
setl_0007_014,8892414183285691,ent_001,payment,7681.81,153.64,27.66,False,True,2026-02-23T00:00:00,2026-02-28T12:00:00,pay_00596,ord_00596,,RTGS,
setl_0007_015,8892414183285691,ent_001,payment,8412.62,168.25,30.29,False,True,2026-02-24T00:00:00,2026-02-28T12:00:00,pay_00076,ord_00076,,UPI,
setl_0007_016,8892414183285691,ent_001,payment,16455.87,329.12,59.24,False,True,2026-02-24T00:00:00,2026-02-28T12:00:00,pay_00082,ord_00082,,CARD,RUPAY
setl_0007_017,8892414183285691,ent_001,payment,18651.65,373.03,67.15,False,True,2026-02-24T00:00:00,2026-02-28T12:00:00,pay_00268,ord_00268,,CARD,VISA
setl_0007_018,8892414183285691,ent_001,payment,10747.49,214.95,38.69,False,True,2026-02-24T00:00:00,2026-02-28T12:00:00,pay_00426,ord_00426,,CARD,MASTERCARD
setl_0007_019,8892414183285691,ent_001,payment,11586.36,231.73,41.71,False,True,2026-02-25T00:00:00,2026-02-28T12:00:00,pay_00396,ord_00396,,RTGS,
setl_0007_020,8892414183285691,ent_001,payment,15054.15,301.08,54.19,False,True,2026-02-25T00:00:00,2026-02-28T12:00:00,pay_00516,ord_00516,,NEFT,
setl_0007_021,8892414183285691,ent_001,payment,22902.30,458.05,82.45,False,True,2026-02-26T00:00:00,2026-02-28T12:00:00,pay_00328,ord_00328,,NEFT,
setl_0007_022,8892414183285691,ent_001,payment,25784.88,515.70,92.83,False,True,2026-02-26T00:00:00,2026-02-28T12:00:00,pay_00492,ord_00492,,NEFT,
setl_0007_023,8892414183285691,ent_001,payment,48078.51,961.57,173.08,False,True,2026-02-27T00:00:00,2026-02-28T12:00:00,pay_00032,ord_00032,,RTGS,
setl_0007_024,8892414183285691,ent_001,payment,42378.55,847.57,152.56,False,True,2026-02-27T00:00:00,2026-02-28T12:00:00,pay_00033,ord_00033,,CARD,RUPAY
setl_0007_025,8892414183285691,ent_001,payment,45739.43,914.79,164.66,False,True,2026-02-27T00:00:00,2026-02-28T12:00:00,pay_00062,ord_00062,,NEFT,
setl_0007_026,8892414183285691,ent_001,payment,34141.69,682.83,122.91,False,True,2026-02-27T00:00:00,2026-02-28T12:00:00,pay_00090,ord_00090,,UPI,
setl_0008_000,0385050641383670,ent_001,payment,5405.93,108.12,19.46,False,True,2026-02-27T00:00:00,2026-03-04T12:00:00,pay_00095,ord_00095,,UPI,
setl_0008_001,0385050641383670,ent_001,payment,12205.28,244.11,43.94,False,True,2026-02-28T00:00:00,2026-03-04T12:00:00,pay_00002,ord_00002,,UPI,
setl_0008_002,0385050641383670,ent_001,payment,38182.38,763.65,137.46,False,True,2026-02-28T00:00:00,2026-03-04T12:00:00,pay_00008,ord_00008,,RTGS,
setl_0008_003,0385050641383670,ent_001,payment,17241.38,344.83,62.07,False,True,2026-02-28T00:00:00,2026-03-04T12:00:00,pay_00145,ord_00145,,CARD,RUPAY
setl_0008_004,0385050641383670,ent_001,payment,2485.11,49.70,8.95,False,True,2026-02-28T00:00:00,2026-03-04T12:00:00,pay_00147,ord_00147,,NEFT,
setl_0008_005,0385050641383670,ent_001,payment,17204.22,344.08,61.93,False,True,2026-02-28T00:00:00,2026-03-04T12:00:00,pay_00177,ord_00177,,NEFT,
setl_0008_006,0385050641383670,ent_001,payment,10017.80,200.36,36.06,False,True,2026-02-28T00:00:00,2026-03-04T12:00:00,pay_00334,ord_00334,,CARD,MASTERCARD
setl_0008_007,0385050641383670,ent_001,payment,16449.42,328.99,59.22,False,True,2026-02-28T00:00:00,2026-03-04T12:00:00,pay_00389,ord_00389,,RTGS,
setl_0008_008,0385050641383670,ent_001,payment,28439.82,568.80,102.38,False,True,2026-02-28T00:00:00,2026-03-04T12:00:00,pay_00510,ord_00510,,NEFT,
setl_0008_009,0385050641383670,ent_001,payment,12039.81,240.80,43.34,False,True,2026-02-28T00:00:00,2026-03-04T12:00:00,pay_00553,ord_00553,,NEFT,
setl_0008_010,0385050641383670,ent_001,payment,2864.54,57.29,10.31,False,True,2026-02-28T00:00:00,2026-03-04T12:00:00,pay_00579,ord_00579,,RTGS,
setl_0008_011,0385050641383670,ent_001,payment,42892.27,857.85,154.41,False,True,2026-03-01T00:00:00,2026-03-04T12:00:00,pay_00006,ord_00006,,UPI,
setl_0008_012,0385050641383670,ent_001,payment,3192.76,63.86,11.49,False,True,2026-03-01T00:00:00,2026-03-04T12:00:00,pay_00030,ord_00030,,RTGS,
setl_0008_013,0385050641383670,ent_001,payment,30772.89,615.46,110.78,False,True,2026-03-01T00:00:00,2026-03-04T12:00:00,pay_00271,ord_00271,,NEFT,
setl_0008_014,0385050641383670,ent_001,payment,34958.31,699.17,125.85,False,True,2026-03-01T00:00:00,2026-03-04T12:00:00,pay_00350,ord_00350,,UPI,
setl_0008_015,0385050641383670,ent_001,payment,39184.05,783.68,141.06,False,True,2026-03-01T00:00:00,2026-03-04T12:00:00,pay_00374,ord_00374,,RTGS,
setl_0008_016,0385050641383670,ent_001,payment,45296.10,905.92,163.07,False,True,2026-03-01T00:00:00,2026-03-04T12:00:00,pay_00562,ord_00562,,NEFT,
setl_0008_016_rf,0385050641383670,ent_001,refund,-22648.05,0,0,False,True,2026-03-01T00:00:00,2026-03-04T12:00:00,pay_00562,ord_00562,,NEFT,
setl_0008_017,0385050641383670,ent_001,payment,23293.11,465.86,83.85,False,True,2026-03-02T00:00:00,2026-03-04T12:00:00,pay_00196,ord_00196,,RTGS,
setl_0008_017_rf,0385050641383670,ent_001,refund,-11646.56,0,0,False,True,2026-03-02T00:00:00,2026-03-04T12:00:00,pay_00196,ord_00196,,RTGS,
setl_0008_018,0385050641383670,ent_001,payment,34593.66,691.87,124.54,False,True,2026-03-02T00:00:00,2026-03-04T12:00:00,pay_00255,ord_00255,,CARD,RUPAY
setl_0008_019,0385050641383670,ent_001,payment,15080.53,301.61,54.29,False,True,2026-03-02T00:00:00,2026-03-04T12:00:00,pay_00292,ord_00292,,UPI,
setl_0008_020,0385050641383670,ent_001,payment,32491.15,649.82,116.97,False,True,2026-03-02T00:00:00,2026-03-04T12:00:00,pay_00383,ord_00383,,RTGS,
setl_0008_021,0385050641383670,ent_001,payment,35717.51,714.35,128.58,False,True,2026-03-02T00:00:00,2026-03-04T12:00:00,pay_00589,ord_00589,,CARD,MASTERCARD
setl_0008_022,0385050641383670,ent_001,payment,48370.74,967.41,174.13,False,True,2026-03-02T00:00:00,2026-03-04T12:00:00,pay_00595,ord_00595,,CARD,RUPAY
setl_0008_023,0385050641383670,ent_001,payment,40175.84,803.52,144.63,True,True,2026-03-03T00:00:00,2026-03-04T12:00:00,pay_00075,ord_00075,,CARD,VISA
setl_0008_024,0385050641383670,ent_001,payment,17223.58,344.47,62.00,False,True,2026-03-03T00:00:00,2026-03-04T12:00:00,pay_00225,ord_00225,,UPI,
setl_0008_025,0385050641383670,ent_001,payment,38818.02,776.36,139.74,False,True,2026-03-03T00:00:00,2026-03-04T12:00:00,pay_00338,ord_00338,,NEFT,
setl_0008_026,0385050641383670,ent_001,payment,37221.82,744.44,134.00,False,True,2026-03-03T00:00:00,2026-03-04T12:00:00,pay_00535,ord_00535,,CARD,RUPAY
setl_0009_000,6253244720999347,ent_001,payment,4761.32,95.23,17.14,False,True,2026-03-04T00:00:00,2026-03-09T12:00:00,pay_00125,ord_00125,,UPI,
setl_0009_001,6253244720999347,ent_001,payment,4223.41,84.47,15.20,False,True,2026-03-04T00:00:00,2026-03-09T12:00:00,pay_00159,ord_00159,,CARD,VISA
setl_0009_003,6253244720999347,ent_001,payment,27618.17,552.36,99.42,False,True,2026-03-04T00:00:00,2026-03-09T12:00:00,pay_00322,ord_00322,,UPI,
setl_0009_003_rf,6253244720999347,ent_001,refund,-13809.09,0,0,False,True,2026-03-04T00:00:00,2026-03-09T12:00:00,pay_00322,ord_00322,,UPI,
setl_0009_004,6253244720999347,ent_001,payment,13114.22,262.28,47.21,False,True,2026-03-04T00:00:00,2026-03-09T12:00:00,pay_00542,ord_00542,,RTGS,
setl_0009_005,6253244720999347,ent_001,payment,12213.04,244.26,43.97,False,True,2026-03-05T00:00:00,2026-03-09T12:00:00,pay_00035,ord_00035,,NEFT,
setl_0009_006,6253244720999347,ent_001,payment,44764.48,895.29,161.15,False,True,2026-03-05T00:00:00,2026-03-09T12:00:00,pay_00061,ord_00061,,CARD,MASTERCARD
setl_0009_007,6253244720999347,ent_001,payment,33700.92,674.02,121.32,False,True,2026-03-05T00:00:00,2026-03-09T12:00:00,pay_00107,ord_00107,,NEFT,
setl_0009_008,6253244720999347,ent_001,payment,10182.85,203.66,36.66,False,True,2026-03-05T00:00:00,2026-03-09T12:00:00,pay_00120,ord_00120,,UPI,
setl_0009_009,6253244720999347,ent_001,payment,45510.94,910.22,163.84,False,True,2026-03-05T00:00:00,2026-03-09T12:00:00,pay_00405,ord_00405,,UPI,
setl_0009_010,6253244720999347,ent_001,payment,47220.33,944.41,169.99,False,True,2026-03-06T00:00:00,2026-03-09T12:00:00,pay_00028,ord_00028,,NEFT,
setl_0009_011,6253244720999347,ent_001,payment,24135.42,482.71,86.89,False,True,2026-03-06T00:00:00,2026-03-09T12:00:00,pay_00122,ord_00122,,NEFT,
setl_0009_012,6253244720999347,ent_001,payment,37671.01,753.42,135.62,False,True,2026-03-06T00:00:00,2026-03-09T12:00:00,pay_00485,ord_00485,,CARD,MASTERCARD
setl_0009_013,6253244720999347,ent_001,payment,18583.23,371.66,66.90,False,True,2026-03-06T00:00:00,2026-03-09T12:00:00,pay_00487,ord_00487,,UPI,
setl_0009_014,6253244720999347,ent_001,payment,38191.62,763.83,137.49,False,True,2026-03-06T00:00:00,2026-03-09T12:00:00,pay_00572,ord_00572,,NEFT,
setl_0009_015,6253244720999347,ent_001,payment,13542.56,270.85,48.75,True,True,2026-03-07T00:00:00,2026-03-09T12:00:00,pay_00011,ord_00011,,NEFT,
setl_0009_016,6253244720999347,ent_001,payment,41219.51,824.39,148.39,False,True,2026-03-07T00:00:00,2026-03-09T12:00:00,pay_00073,ord_00073,,NEFT,
setl_0009_017,6253244720999347,ent_001,payment,39308.05,786.16,141.51,False,True,2026-03-07T00:00:00,2026-03-09T12:00:00,pay_00084,ord_00084,,NEFT,
setl_0009_018,6253244720999347,ent_001,payment,35863.42,717.27,129.11,False,True,2026-03-07T00:00:00,2026-03-09T12:00:00,pay_00220,ord_00220,,RTGS,
setl_0009_019,6253244720999347,ent_001,payment,38316.01,766.32,137.94,False,True,2026-03-07T00:00:00,2026-03-09T12:00:00,pay_00247,ord_00247,,NEFT,
setl_0009_020,6253244720999347,ent_001,payment,23675.08,473.50,85.23,True,True,2026-03-07T00:00:00,2026-03-09T12:00:00,pay_00253,ord_00253,,UPI,
setl_0009_021,6253244720999347,ent_001,payment,49958.13,999.16,179.85,False,True,2026-03-07T00:00:00,2026-03-09T12:00:00,pay_00269,ord_00269,,RTGS,
setl_0009_022,6253244720999347,ent_001,payment,4318.13,86.36,15.54,False,True,2026-03-07T00:00:00,2026-03-09T12:00:00,pay_00273,ord_00273,,UPI,
setl_0009_023,6253244720999347,ent_001,payment,12637.30,252.75,45.50,False,True,2026-03-07T00:00:00,2026-03-09T12:00:00,pay_00433,ord_00433,,NEFT,
setl_0009_024,6253244720999347,ent_001,payment,35984.43,719.69,129.54,False,True,2026-03-08T00:00:00,2026-03-09T12:00:00,pay_00093,ord_00093,,CARD,MASTERCARD
setl_0009_025,6253244720999347,ent_001,payment,13732.76,274.66,49.44,False,True,2026-03-08T00:00:00,2026-03-09T12:00:00,pay_00115,ord_00115,,CARD,MASTERCARD
setl_0009_026,6253244720999347,ent_001,payment,43739.24,874.78,157.46,False,True,2026-03-08T00:00:00,2026-03-09T12:00:00,pay_00175,ord_00175,,RTGS,
setl_0010_000,5289539264422096,ent_001,payment,26710.11,534.20,96.16,False,True,2026-03-08T00:00:00,2026-03-13T12:00:00,pay_00466,ord_00466,,RTGS,
setl_0010_001,5289539264422096,ent_001,payment,41321.71,826.43,148.76,False,True,2026-03-08T00:00:00,2026-03-13T12:00:00,pay_00489,ord_00489,,RTGS,
setl_0010_002,5289539264422096,ent_001,payment,7535.95,150.72,27.13,False,True,2026-03-08T00:00:00,2026-03-13T12:00:00,pay_00571,ord_00571,,NEFT,
setl_0010_003,5289539264422096,ent_001,payment,36970.75,739.42,133.10,False,True,2026-03-09T00:00:00,2026-03-13T12:00:00,pay_00048,ord_00048,,NEFT,
setl_0010_004,5289539264422096,ent_001,payment,19088.85,381.78,68.72,False,True,2026-03-09T00:00:00,2026-03-13T12:00:00,pay_00259,ord_00259,,CARD,MASTERCARD
setl_0010_005,5289539264422096,ent_001,payment,30570.08,611.40,110.05,False,True,2026-03-09T00:00:00,2026-03-13T12:00:00,pay_00368,ord_00368,,RTGS,
setl_0010_006,5289539264422096,ent_001,payment,28024.89,560.50,100.89,False,True,2026-03-09T00:00:00,2026-03-13T12:00:00,pay_00494,ord_00494,,UPI,
setl_0010_007,5289539264422096,ent_001,payment,24568.06,491.36,88.44,False,True,2026-03-10T00:00:00,2026-03-13T12:00:00,pay_00170,ord_00170,,NEFT,
setl_0010_008,5289539264422096,ent_001,payment,33214.45,664.29,119.57,False,True,2026-03-10T00:00:00,2026-03-13T12:00:00,pay_00207,ord_00207,,CARD,VISA
setl_0010_008_rf,5289539264422096,ent_001,refund,-16607.23,0,0,False,True,2026-03-10T00:00:00,2026-03-13T12:00:00,pay_00207,ord_00207,,CARD,VISA
setl_0010_009,5289539264422096,ent_001,payment,1686.85,33.74,6.07,False,True,2026-03-10T00:00:00,2026-03-13T12:00:00,pay_00272,ord_00272,,NEFT,
setl_0010_010,5289539264422096,ent_001,payment,41824.34,836.49,150.57,False,True,2026-03-10T00:00:00,2026-03-13T12:00:00,pay_00414,ord_00414,,UPI,
setl_0010_011,5289539264422096,ent_001,payment,10721.38,214.43,38.60,False,True,2026-03-10T00:00:00,2026-03-13T12:00:00,pay_00588,ord_00588,,UPI,
setl_0010_012,5289539264422096,ent_001,payment,31089.18,621.78,111.92,False,True,2026-03-11T00:00:00,2026-03-13T12:00:00,pay_00134,ord_00134,,UPI,
setl_0010_013,5289539264422096,ent_001,payment,9567.98,191.36,34.44,False,True,2026-03-11T00:00:00,2026-03-13T12:00:00,pay_00231,ord_00231,,UPI,
setl_0010_014,5289539264422096,ent_001,payment,21589.26,431.79,77.72,False,True,2026-03-11T00:00:00,2026-03-13T12:00:00,pay_00265,ord_00265,,NEFT,
setl_0010_015,5289539264422096,ent_001,payment,48200.09,964.00,173.52,False,True,2026-03-11T00:00:00,2026-03-13T12:00:00,pay_00288,ord_00288,,UPI,
setl_0010_016,5289539264422096,ent_001,payment,46707.72,934.15,168.15,False,True,2026-03-11T00:00:00,2026-03-13T12:00:00,pay_00332,ord_00332,,UPI,
setl_0010_017,5289539264422096,ent_001,payment,27711.20,554.22,99.76,False,True,2026-03-11T00:00:00,2026-03-13T12:00:00,pay_00482,ord_00482,,UPI,
setl_0010_018,5289539264422096,ent_001,payment,39843.88,796.88,143.44,False,True,2026-03-11T00:00:00,2026-03-13T12:00:00,pay_00563,ord_00563,,NEFT,
setl_0010_019,5289539264422096,ent_001,payment,6585.35,131.71,23.71,False,True,2026-03-12T00:00:00,2026-03-13T12:00:00,pay_00109,ord_00109,,UPI,
setl_0011_000,8844431069872050,ent_001,payment,45811.25,916.23,164.92,False,True,2026-03-12T00:00:00,2026-03-17T12:00:00,pay_00197,ord_00197,,UPI,
setl_0011_001,8844431069872050,ent_001,payment,40176.12,803.52,144.63,False,True,2026-03-12T00:00:00,2026-03-17T12:00:00,pay_00351,ord_00351,,CARD,VISA
setl_0011_002,8844431069872050,ent_001,payment,41432.00,828.64,149.16,False,True,2026-03-12T00:00:00,2026-03-17T12:00:00,pay_00361,ord_00361,,UPI,
setl_0011_003,8844431069872050,ent_001,payment,36299.55,725.99,130.68,False,True,2026-03-12T00:00:00,2026-03-17T12:00:00,pay_00457,ord_00457,,RTGS,
setl_0011_004,8844431069872050,ent_001,payment,34255.79,685.12,123.32,False,True,2026-03-13T00:00:00,2026-03-17T12:00:00,pay_00165,ord_00165,,RTGS,
setl_0011_005,8844431069872050,ent_001,payment,18255.35,365.11,65.72,False,True,2026-03-13T00:00:00,2026-03-17T12:00:00,pay_00218,ord_00218,,CARD,MASTERCARD
setl_0011_006,8844431069872050,ent_001,payment,28811.59,576.23,103.72,False,True,2026-03-13T00:00:00,2026-03-17T12:00:00,pay_00219,ord_00219,,CARD,MASTERCARD
setl_0011_007,8844431069872050,ent_001,payment,21093.62,421.87,75.94,False,True,2026-03-13T00:00:00,2026-03-17T12:00:00,pay_00246,ord_00246,,UPI,
setl_0011_008,8844431069872050,ent_001,payment,14917.76,298.36,53.70,False,True,2026-03-13T00:00:00,2026-03-17T12:00:00,pay_00504,ord_00504,,CARD,VISA
setl_0011_009,8844431069872050,ent_001,payment,40398.65,807.97,145.43,False,True,2026-03-13T00:00:00,2026-03-17T12:00:00,pay_00531,ord_00531,,NEFT,
setl_0011_010,8844431069872050,ent_001,payment,46017.52,920.35,165.66,False,True,2026-03-14T00:00:00,2026-03-17T12:00:00,pay_00201,ord_00201,,CARD,MASTERCARD
setl_0011_011,8844431069872050,ent_001,payment,27432.31,548.65,98.76,False,True,2026-03-14T00:00:00,2026-03-17T12:00:00,pay_00317,ord_00317,,UPI,
setl_0011_012,8844431069872050,ent_001,payment,46798.18,935.96,168.47,False,True,2026-03-14T00:00:00,2026-03-17T12:00:00,pay_00347,ord_00347,,CARD,MASTERCARD
setl_0011_013,8844431069872050,ent_001,payment,12877.74,257.55,46.36,False,True,2026-03-14T00:00:00,2026-03-17T12:00:00,pay_00432,ord_00432,,UPI,
setl_0011_013_rf,8844431069872050,ent_001,refund,-12877.74,0,0,False,True,2026-03-14T00:00:00,2026-03-17T12:00:00,pay_00432,ord_00432,,UPI,
setl_0011_014,8844431069872050,ent_001,payment,2907.53,58.15,10.47,False,True,2026-03-15T00:00:00,2026-03-17T12:00:00,pay_00249,ord_00249,,CARD,RUPAY
setl_0011_015,8844431069872050,ent_001,payment,15965.54,319.31,57.48,False,True,2026-03-15T00:00:00,2026-03-17T12:00:00,pay_00278,ord_00278,,UPI,
setl_0011_016,8844431069872050,ent_001,payment,13704.44,274.09,49.34,False,True,2026-03-15T00:00:00,2026-03-17T12:00:00,pay_00481,ord_00481,,RTGS,
setl_0011_017,8844431069872050,ent_001,payment,26101.26,522.03,93.97,False,True,2026-03-16T00:00:00,2026-03-17T12:00:00,pay_00146,ord_00146,,NEFT,
setl_0012_000,2945116868548709,ent_001,payment,43232.04,864.64,155.64,False,True,2026-03-16T00:00:00,2026-03-18T12:00:00,pay_00150,ord_00150,,CARD,MASTERCARD
setl_0012_001,2945116868548709,ent_001,payment,19309.11,386.18,69.51,False,True,2026-03-16T00:00:00,2026-03-18T12:00:00,pay_00223,ord_00223,,UPI,
setl_0012_002,2945116868548709,ent_001,payment,45189.91,903.80,162.68,False,True,2026-03-16T00:00:00,2026-03-18T12:00:00,pay_00237,ord_00237,,CARD,VISA
setl_0012_003,2945116868548709,ent_001,payment,36563.76,731.28,131.63,False,True,2026-03-16T00:00:00,2026-03-18T12:00:00,pay_00488,ord_00488,,UPI,
setl_0012_004,2945116868548709,ent_001,payment,29353.09,587.06,105.67,False,True,2026-03-17T00:00:00,2026-03-18T12:00:00,pay_00014,ord_00014,,RTGS,
setl_0012_005,2945116868548709,ent_001,payment,47466.43,949.33,170.88,False,True,2026-03-17T00:00:00,2026-03-18T12:00:00,pay_00137,ord_00137,,CARD,VISA
setl_0012_006,2945116868548709,ent_001,payment,38562.91,771.26,138.83,False,True,2026-03-17T00:00:00,2026-03-18T12:00:00,pay_00264,ord_00264,,RTGS,
setl_0012_007,2945116868548709,ent_001,payment,35978.51,719.57,129.52,False,True,2026-03-17T00:00:00,2026-03-18T12:00:00,pay_00465,ord_00465,,UPI,
setl_0013_000,4505444713247546,ent_001,payment,18897.95,377.96,64.25,False,True,2026-03-18T00:00:00,2026-03-25T12:00:00,pay_00039,ord_00039,,NEFT,
setl_0013_001,4505444713247546,ent_001,payment,36679.84,733.60,124.71,False,True,2026-03-18T00:00:00,2026-03-25T12:00:00,pay_00161,ord_00161,,UPI,
setl_0013_002,4505444713247546,ent_001,payment,31777.09,635.54,108.04,False,True,2026-03-18T00:00:00,2026-03-25T12:00:00,pay_00537,ord_00537,,RTGS,
setl_0013_003,4505444713247546,ent_001,payment,30302.26,606.05,103.03,False,True,2026-03-19T00:00:00,2026-03-25T12:00:00,pay_00024,ord_00024,,NEFT,
setl_0013_004,4505444713247546,ent_001,payment,48350.24,967.00,164.39,False,True,2026-03-19T00:00:00,2026-03-25T12:00:00,pay_00564,ord_00564,,CARD,RUPAY
setl_0013_005,4505444713247546,ent_001,payment,23818.11,476.36,80.98,False,True,2026-03-20T00:00:00,2026-03-25T12:00:00,pay_00022,ord_00022,,CARD,VISA
setl_0013_006,4505444713247546,ent_001,payment,39762.87,795.26,135.19,False,True,2026-03-20T00:00:00,2026-03-25T12:00:00,pay_00044,ord_00044,,RTGS,
setl_0013_007,4505444713247546,ent_001,payment,45006.33,900.13,153.02,False,True,2026-03-20T00:00:00,2026-03-25T12:00:00,pay_00451,ord_00451,,RTGS,
setl_0013_008,4505444713247546,ent_001,payment,35718.10,714.36,121.44,False,True,2026-03-20T00:00:00,2026-03-25T12:00:00,pay_00480,ord_00480,,CARD,VISA
setl_0013_009,4505444713247546,ent_001,payment,22746.84,454.94,77.34,False,True,2026-03-21T00:00:00,2026-03-25T12:00:00,pay_00092,ord_00092,,CARD,MASTERCARD
setl_0013_010,4505444713247546,ent_001,payment,48867.71,977.35,166.15,False,True,2026-03-21T00:00:00,2026-03-25T12:00:00,pay_00158,ord_00158,,NEFT,
setl_0013_011,4505444713247546,ent_001,payment,13318.23,266.36,45.28,False,True,2026-03-21T00:00:00,2026-03-25T12:00:00,pay_00199,ord_00199,,NEFT,
setl_0013_012,4505444713247546,ent_001,payment,28696.58,573.93,97.57,False,True,2026-03-21T00:00:00,2026-03-25T12:00:00,pay_00211,ord_00211,,CARD,MASTERCARD
setl_0013_012_rf,4505444713247546,ent_001,refund,-28696.58,0,0,False,True,2026-03-21T00:00:00,2026-03-25T12:00:00,pay_00211,ord_00211,,CARD,MASTERCARD
setl_0013_013,4505444713247546,ent_001,payment,16489.55,329.79,56.06,False,True,2026-03-21T00:00:00,2026-03-25T12:00:00,pay_00339,ord_00339,,NEFT,
setl_0013_014,4505444713247546,ent_001,payment,13259.51,265.19,45.08,False,True,2026-03-21T00:00:00,2026-03-25T12:00:00,pay_00352,ord_00352,,CARD,RUPAY
setl_0013_015,4505444713247546,ent_001,payment,41034.43,820.69,139.52,False,True,2026-03-21T00:00:00,2026-03-25T12:00:00,pay_00382,ord_00382,,UPI,
setl_0013_015_cb,4505444713247546,ent_001,adjustment,-20517.22,0,0,False,True,2026-03-21T00:00:00,2026-03-25T12:00:00,pay_00382,ord_00382,disp_0013_015,UPI,
setl_0013_016,4505444713247546,ent_001,payment,38554.39,771.09,131.09,False,True,2026-03-21T00:00:00,2026-03-25T12:00:00,pay_00416,ord_00416,,RTGS,
setl_0013_017,4505444713247546,ent_001,payment,34790.06,695.80,118.29,True,True,2026-03-21T00:00:00,2026-03-25T12:00:00,pay_00538,ord_00538,,RTGS,
setl_0013_018,4505444713247546,ent_001,payment,7345.56,146.91,24.97,False,True,2026-03-21T00:00:00,2026-03-25T12:00:00,pay_00578,ord_00578,,RTGS,
setl_0013_019,4505444713247546,ent_001,payment,39937.78,798.76,135.79,False,True,2026-03-21T00:00:00,2026-03-25T12:00:00,pay_00598,ord_00598,,UPI,
setl_0013_020,4505444713247546,ent_001,payment,17137.10,342.74,58.27,False,True,2026-03-22T00:00:00,2026-03-25T12:00:00,pay_00233,ord_00233,,UPI,
setl_0013_021,4505444713247546,ent_001,payment,22959.73,459.19,78.06,False,True,2026-03-23T00:00:00,2026-03-25T12:00:00,pay_00031,ord_00031,,UPI,
setl_0013_022,4505444713247546,ent_001,payment,10556.81,211.14,35.89,False,True,2026-03-23T00:00:00,2026-03-25T12:00:00,pay_00102,ord_00102,,NEFT,
setl_0013_023,4505444713247546,ent_001,payment,28036.60,560.73,95.32,False,True,2026-03-23T00:00:00,2026-03-25T12:00:00,pay_00148,ord_00148,,RTGS,
setl_0013_024,4505444713247546,ent_001,payment,46464.30,929.29,157.98,False,True,2026-03-23T00:00:00,2026-03-25T12:00:00,pay_00169,ord_00169,,UPI,
setl_0013_025,4505444713247546,ent_001,payment,20966.89,419.34,71.29,False,True,2026-03-23T00:00:00,2026-03-25T12:00:00,pay_00182,ord_00182,,NEFT,
setl_0013_026,4505444713247546,ent_001,payment,35395.74,707.91,120.34,False,True,2026-03-23T00:00:00,2026-03-25T12:00:00,pay_00456,ord_00456,,UPI,
setl_0013_027,4505444713247546,ent_001,payment,41238.53,824.77,140.21,False,True,2026-03-24T00:00:00,2026-03-25T12:00:00,pay_00089,ord_00089,,CARD,VISA
setl_0014_000,6520744666099353,ent_001,payment,42062.95,1009.51,181.71,False,True,2026-03-24T00:00:00,2026-03-28T12:00:00,pay_00319,ord_00319,,RTGS,
setl_0014_001,6520744666099353,ent_001,payment,5046.96,121.13,21.80,False,True,2026-03-24T00:00:00,2026-03-28T12:00:00,pay_00325,ord_00325,,NEFT,
setl_0014_002,6520744666099353,ent_001,payment,28931.64,694.36,124.98,False,True,2026-03-24T00:00:00,2026-03-28T12:00:00,pay_00455,ord_00455,,CARD,RUPAY
setl_0014_003,6520744666099353,ent_001,payment,31059.64,745.43,134.18,False,True,2026-03-24T00:00:00,2026-03-28T12:00:00,pay_00560,ord_00560,,NEFT,
setl_0014_004,6520744666099353,ent_001,payment,49461.98,1187.09,213.68,False,True,2026-03-25T00:00:00,2026-03-28T12:00:00,pay_00104,ord_00104,,RTGS,
setl_0014_005,6520744666099353,ent_001,payment,32305.01,775.32,139.56,False,True,2026-03-25T00:00:00,2026-03-28T12:00:00,pay_00167,ord_00167,,NEFT,
setl_0014_006,6520744666099353,ent_001,payment,48790.77,1170.98,210.78,False,True,2026-03-25T00:00:00,2026-03-28T12:00:00,pay_00180,ord_00180,,NEFT,
setl_0014_007,6520744666099353,ent_001,payment,5723.22,137.36,24.72,False,True,2026-03-25T00:00:00,2026-03-28T12:00:00,pay_00202,ord_00202,,NEFT,
setl_0014_008,6520744666099353,ent_001,payment,40974.99,983.40,177.01,False,True,2026-03-25T00:00:00,2026-03-28T12:00:00,pay_00337,ord_00337,,CARD,VISA
setl_0014_009,6520744666099353,ent_001,payment,4967.51,119.22,21.46,False,True,2026-03-25T00:00:00,2026-03-28T12:00:00,pay_00576,ord_00576,,CARD,RUPAY
setl_0014_010,6520744666099353,ent_001,payment,34985.75,839.66,151.14,False,True,2026-03-26T00:00:00,2026-03-28T12:00:00,pay_00078,ord_00078,,CARD,RUPAY
setl_0014_011,6520744666099353,ent_001,payment,46669.93,1120.08,201.61,False,True,2026-03-26T00:00:00,2026-03-28T12:00:00,pay_00263,ord_00263,,RTGS,
setl_0014_012,6520744666099353,ent_001,payment,10128.13,243.08,43.75,False,True,2026-03-26T00:00:00,2026-03-28T12:00:00,pay_00299,ord_00299,,NEFT,
setl_0014_013,6520744666099353,ent_001,payment,631.22,15.15,2.73,False,True,2026-03-26T00:00:00,2026-03-28T12:00:00,pay_00594,ord_00594,,RTGS,
setl_0014_014,6520744666099353,ent_001,payment,11190.90,268.58,48.34,False,True,2026-03-27T00:00:00,2026-03-28T12:00:00,pay_00133,ord_00133,,UPI,
setl_0014_015,6520744666099353,ent_001,payment,49152.64,1179.66,212.34,False,True,2026-03-27T00:00:00,2026-03-28T12:00:00,pay_00171,ord_00171,,RTGS,
setl_0015_000,3292712966667600,ent_001,payment,41238.60,824.77,148.46,False,True,2026-03-27T00:00:00,2026-03-30T12:00:00,pay_00210,ord_00210,,UPI,
setl_0015_001,3292712966667600,ent_001,payment,15275.43,305.51,54.99,False,True,2026-03-27T00:00:00,2026-03-30T12:00:00,pay_00243,ord_00243,,RTGS,
setl_0015_002,3292712966667600,ent_001,payment,12711.27,254.23,45.76,True,True,2026-03-27T00:00:00,2026-03-30T12:00:00,pay_00369,ord_00369,,NEFT,
setl_0015_002_rf,3292712966667600,ent_001,refund,-12711.27,0,0,False,True,2026-03-27T00:00:00,2026-03-30T12:00:00,pay_00369,ord_00369,,NEFT,
setl_0015_003,3292712966667600,ent_001,payment,38379.17,767.58,138.16,False,True,2026-03-27T00:00:00,2026-03-30T12:00:00,pay_00454,ord_00454,,NEFT,
setl_0015_004,3292712966667600,ent_001,payment,8600.41,172.01,30.96,False,True,2026-03-27T00:00:00,2026-03-30T12:00:00,pay_00461,ord_00461,,RTGS,
setl_0015_005,3292712966667600,ent_001,payment,2072.15,41.44,7.46,False,True,2026-03-27T00:00:00,2026-03-30T12:00:00,pay_00499,ord_00499,,CARD,MASTERCARD
setl_0015_006,3292712966667600,ent_001,payment,9380.44,187.61,33.77,False,True,2026-03-27T00:00:00,2026-03-30T12:00:00,pay_00506,ord_00506,,NEFT,
setl_0015_007,3292712966667600,ent_001,payment,49898.10,997.96,179.63,False,True,2026-03-27T00:00:00,2026-03-30T12:00:00,pay_00507,ord_00507,,CARD,VISA
setl_0015_008,3292712966667600,ent_001,payment,6999.77,140.00,25.20,False,True,2026-03-28T00:00:00,2026-03-30T12:00:00,pay_00195,ord_00195,,RTGS,
setl_0015_009,3292712966667600,ent_001,payment,10931.54,218.63,39.35,False,True,2026-03-28T00:00:00,2026-03-30T12:00:00,pay_00304,ord_00304,,CARD,MASTERCARD
setl_0015_009_rf,3292712966667600,ent_001,refund,-2732.89,0,0,False,True,2026-03-28T00:00:00,2026-03-30T12:00:00,pay_00304,ord_00304,,CARD,MASTERCARD
setl_0015_010,3292712966667600,ent_001,payment,7247.95,144.96,26.09,False,True,2026-03-28T00:00:00,2026-03-30T12:00:00,pay_00307,ord_00307,,UPI,
setl_0015_011,3292712966667600,ent_001,payment,37803.79,756.08,136.09,False,True,2026-03-28T00:00:00,2026-03-30T12:00:00,pay_00422,ord_00422,,NEFT,
setl_0015_012,3292712966667600,ent_001,payment,6228.26,124.57,22.42,False,True,2026-03-28T00:00:00,2026-03-30T12:00:00,pay_00522,ord_00522,,CARD,RUPAY
setl_0015_013,3292712966667600,ent_001,payment,25902.41,518.05,93.25,False,True,2026-03-28T00:00:00,2026-03-30T12:00:00,pay_00523,ord_00523,,RTGS,
setl_0015_014,3292712966667600,ent_001,payment,24401.48,488.03,87.85,False,True,2026-03-28T00:00:00,2026-03-30T12:00:00,pay_00561,ord_00561,,CARD,VISA
setl_0015_014_rf,3292712966667600,ent_001,refund,-6100.37,0,0,False,True,2026-03-28T00:00:00,2026-03-30T12:00:00,pay_00561,ord_00561,,CARD,VISA
setl_0015_015,3292712966667600,ent_001,payment,22242.56,444.85,80.07,False,True,2026-03-29T00:00:00,2026-03-30T12:00:00,pay_00192,ord_00192,,NEFT,
setl_0015_016,3292712966667600,ent_001,payment,37638.12,752.76,135.50,False,True,2026-03-29T00:00:00,2026-03-30T12:00:00,pay_00286,ord_00286,,RTGS,
setl_0015_017,3292712966667600,ent_001,payment,39919.11,798.38,143.71,False,True,2026-03-29T00:00:00,2026-03-30T12:00:00,pay_00294,ord_00294,,RTGS,
setl_0015_018,3292712966667600,ent_001,payment,30870.03,617.40,111.13,False,True,2026-03-29T00:00:00,2026-03-30T12:00:00,pay_00441,ord_00441,,UPI,
setl_0015_019,3292712966667600,ent_001,payment,42765.05,855.30,153.95,False,True,2026-03-29T00:00:00,2026-03-30T12:00:00,pay_00442,ord_00442,,NEFT,
setl_0015_020,3292712966667600,ent_001,payment,48454.03,969.08,174.43,False,True,2026-03-29T00:00:00,2026-03-30T12:00:00,pay_00530,ord_00530,,NEFT,
setl_0015_021,3292712966667600,ent_001,payment,940.50,18.81,3.39,False,True,2026-03-29T00:00:00,2026-03-30T12:00:00,pay_00584,ord_00584,,UPI,
setl_0016_000,5642087375300119,ent_001,payment,772.23,18.53,3.34,False,True,2026-03-30T00:00:00,2026-04-04T12:00:00,pay_00049,ord_00049,,RTGS,
setl_0016_001,5642087375300119,ent_001,payment,47727.32,1145.46,206.18,False,True,2026-03-30T00:00:00,2026-04-04T12:00:00,pay_00110,ord_00110,,UPI,
setl_0016_002,5642087375300119,ent_001,payment,7886.99,189.29,34.07,False,True,2026-03-30T00:00:00,2026-04-04T12:00:00,pay_00321,ord_00321,,RTGS,
setl_0016_003,5642087375300119,ent_001,payment,27492.64,659.82,118.77,False,True,2026-03-30T00:00:00,2026-04-04T12:00:00,pay_00348,ord_00348,,NEFT,
setl_0016_004,5642087375300119,ent_001,payment,21918.35,526.04,94.69,False,True,2026-03-30T00:00:00,2026-04-04T12:00:00,pay_00375,ord_00375,,UPI,
setl_0016_004_rf,5642087375300119,ent_001,refund,-10959.18,0,0,False,True,2026-03-30T00:00:00,2026-04-04T12:00:00,pay_00375,ord_00375,,UPI,
setl_0016_005,5642087375300119,ent_001,payment,31419.20,754.06,135.73,False,True,2026-03-30T00:00:00,2026-04-04T12:00:00,pay_00406,ord_00406,,RTGS,
setl_0016_006,5642087375300119,ent_001,payment,3113.10,74.71,13.45,False,True,2026-03-30T00:00:00,2026-04-04T12:00:00,pay_00444,ord_00444,,UPI,
setl_0016_006_cb,5642087375300119,ent_001,adjustment,-1556.55,0,0,False,True,2026-03-30T00:00:00,2026-04-04T12:00:00,pay_00444,ord_00444,disp_0016_006,UPI,
setl_0016_007,5642087375300119,ent_001,payment,42908.69,1029.81,185.37,False,True,2026-03-30T00:00:00,2026-04-04T12:00:00,pay_00452,ord_00452,,CARD,RUPAY
setl_0016_008,5642087375300119,ent_001,payment,37559.69,901.43,162.26,False,True,2026-03-31T00:00:00,2026-04-04T12:00:00,pay_00172,ord_00172,,CARD,RUPAY
setl_0016_009,5642087375300119,ent_001,payment,37038.63,888.93,160.01,False,True,2026-03-31T00:00:00,2026-04-04T12:00:00,pay_00245,ord_00245,,RTGS,
setl_0016_010,5642087375300119,ent_001,payment,6816.56,163.60,29.45,False,True,2026-03-31T00:00:00,2026-04-04T12:00:00,pay_00401,ord_00401,,NEFT,
setl_0016_011,5642087375300119,ent_001,payment,38409.28,921.82,165.93,False,True,2026-03-31T00:00:00,2026-04-04T12:00:00,pay_00526,ord_00526,,UPI,
setl_0016_012,5642087375300119,ent_001,payment,49181.55,1180.36,212.46,False,True,2026-03-31T00:00:00,2026-04-04T12:00:00,pay_00529,ord_00529,,UPI,
setl_0016_013,5642087375300119,ent_001,payment,24136.72,579.28,104.27,False,True,2026-03-31T00:00:00,2026-04-04T12:00:00,pay_00565,ord_00565,,CARD,VISA
setl_0016_014,5642087375300119,ent_001,payment,6609.27,158.62,28.55,False,True,2026-04-01T00:00:00,2026-04-04T12:00:00,pay_00179,ord_00179,,CARD,RUPAY
setl_0016_015,5642087375300119,ent_001,payment,46928.67,1126.29,202.73,False,True,2026-04-01T00:00:00,2026-04-04T12:00:00,pay_00262,ord_00262,,RTGS,
setl_0016_016,5642087375300119,ent_001,payment,40657.45,975.78,175.64,False,True,2026-04-01T00:00:00,2026-04-04T12:00:00,pay_00277,ord_00277,,CARD,RUPAY
setl_0016_017,5642087375300119,ent_001,payment,29689.08,712.54,128.26,False,True,2026-04-01T00:00:00,2026-04-04T12:00:00,pay_00316,ord_00316,,CARD,VISA
setl_0016_018,5642087375300119,ent_001,payment,22731.72,545.56,98.20,False,True,2026-04-01T00:00:00,2026-04-04T12:00:00,pay_00358,ord_00358,,RTGS,
setl_0016_019,5642087375300119,ent_001,payment,994.59,23.87,4.30,False,True,2026-04-02T00:00:00,2026-04-04T12:00:00,pay_00206,ord_00206,,RTGS,
setl_0016_020,5642087375300119,ent_001,payment,34190.09,820.56,147.70,False,True,2026-04-02T00:00:00,2026-04-04T12:00:00,pay_00445,ord_00445,,CARD,VISA
setl_0016_021,5642087375300119,ent_001,payment,18906.42,453.75,81.68,False,True,2026-04-03T00:00:00,2026-04-04T12:00:00,pay_00209,ord_00209,,RTGS,
setl_0016_022,5642087375300119,ent_001,payment,18293.90,439.05,79.03,False,True,2026-04-03T00:00:00,2026-04-04T12:00:00,pay_00251,ord_00251,,RTGS,
setl_0017_000,6289002877217535,ent_001,payment,6714.46,134.29,24.17,False,True,2026-04-03T00:00:00,2026-04-08T12:00:00,pay_00281,ord_00281,,UPI,
setl_0017_001,6289002877217535,ent_001,payment,37581.35,751.63,135.29,False,True,2026-04-03T00:00:00,2026-04-08T12:00:00,pay_00486,ord_00486,,CARD,MASTERCARD
setl_0017_002,6289002877217535,ent_001,payment,49418.76,988.38,177.91,False,True,2026-04-04T00:00:00,2026-04-08T12:00:00,pay_00373,ord_00373,,NEFT,
setl_0017_003,6289002877217535,ent_001,payment,15486.40,309.73,55.75,False,True,2026-04-05T00:00:00,2026-04-08T12:00:00,pay_00050,ord_00050,,UPI,
setl_0017_004,6289002877217535,ent_001,payment,45054.08,901.08,162.19,False,True,2026-04-05T00:00:00,2026-04-08T12:00:00,pay_00098,ord_00098,,NEFT,
setl_0017_004_rf,6289002877217535,ent_001,refund,-22527.04,0,0,False,True,2026-04-05T00:00:00,2026-04-08T12:00:00,pay_00098,ord_00098,,NEFT,
setl_0017_005,6289002877217535,ent_001,payment,22746.62,454.93,81.89,False,True,2026-04-05T00:00:00,2026-04-08T12:00:00,pay_00112,ord_00112,,NEFT,
setl_0017_005_rf,6289002877217535,ent_001,refund,-5686.66,0,0,False,True,2026-04-05T00:00:00,2026-04-08T12:00:00,pay_00112,ord_00112,,NEFT,
setl_0017_006,6289002877217535,ent_001,payment,26444.67,528.89,95.20,False,True,2026-04-05T00:00:00,2026-04-08T12:00:00,pay_00164,ord_00164,,CARD,RUPAY
setl_0017_007,6289002877217535,ent_001,payment,29124.54,582.49,104.85,False,True,2026-04-05T00:00:00,2026-04-08T12:00:00,pay_00239,ord_00239,,UPI,
setl_0017_008,6289002877217535,ent_001,payment,6723.56,134.47,24.20,False,True,2026-04-05T00:00:00,2026-04-08T12:00:00,pay_00525,ord_00525,,RTGS,
setl_0017_009,6289002877217535,ent_001,payment,14975.29,299.51,53.91,False,True,2026-04-05T00:00:00,2026-04-08T12:00:00,pay_00534,ord_00534,,UPI,
setl_0017_010,6289002877217535,ent_001,payment,45779.25,915.59,164.81,False,True,2026-04-05T00:00:00,2026-04-08T12:00:00,pay_00555,ord_00555,,UPI,
setl_0017_011,6289002877217535,ent_001,payment,44746.53,894.93,161.09,False,True,2026-04-05T00:00:00,2026-04-08T12:00:00,pay_00566,ord_00566,,CARD,RUPAY
setl_0017_012,6289002877217535,ent_001,payment,31870.16,637.40,114.73,False,True,2026-04-05T00:00:00,2026-04-08T12:00:00,pay_00577,ord_00577,,NEFT,
setl_0017_013,6289002877217535,ent_001,payment,41899.10,837.98,150.84,False,True,2026-04-06T00:00:00,2026-04-08T12:00:00,pay_00040,ord_00040,,UPI,
setl_0017_014,6289002877217535,ent_001,payment,16526.97,330.54,59.50,False,True,2026-04-07T00:00:00,2026-04-08T12:00:00,pay_00254,ord_00254,,UPI,
setl_0018_000,4933163735160917,ent_001,payment,37596.89,751.94,135.35,False,True,2026-04-07T00:00:00,2026-04-12T12:00:00,pay_00313,ord_00313,,RTGS,
setl_0018_001,4933163735160917,ent_001,payment,30848.25,616.97,111.05,False,True,2026-04-07T00:00:00,2026-04-12T12:00:00,pay_00326,ord_00326,,CARD,VISA
setl_0018_002,4933163735160917,ent_001,payment,35065.40,701.31,126.24,False,True,2026-04-08T00:00:00,2026-04-12T12:00:00,pay_00370,ord_00370,,NEFT,
setl_0018_003,4933163735160917,ent_001,payment,42593.59,851.87,153.34,False,True,2026-04-08T00:00:00,2026-04-12T12:00:00,pay_00397,ord_00397,,RTGS,
setl_0018_004,4933163735160917,ent_001,payment,7097.39,141.95,25.55,False,True,2026-04-08T00:00:00,2026-04-12T12:00:00,pay_00508,ord_00508,,CARD,RUPAY
setl_0018_005,4933163735160917,ent_001,payment,43277.87,865.56,155.80,False,True,2026-04-08T00:00:00,2026-04-12T12:00:00,pay_00512,ord_00512,,NEFT,
setl_0018_006,4933163735160917,ent_001,payment,44351.28,887.03,159.67,False,True,2026-04-08T00:00:00,2026-04-12T12:00:00,pay_00536,ord_00536,,NEFT,
setl_0018_007,4933163735160917,ent_001,payment,10971.17,219.42,39.50,False,True,2026-04-09T00:00:00,2026-04-12T12:00:00,pay_00016,ord_00016,,CARD,VISA
setl_0018_008,4933163735160917,ent_001,payment,46312.89,926.26,166.73,False,True,2026-04-09T00:00:00,2026-04-12T12:00:00,pay_00208,ord_00208,,NEFT,
setl_0018_009,4933163735160917,ent_001,payment,41129.50,822.59,148.07,False,True,2026-04-09T00:00:00,2026-04-12T12:00:00,pay_00346,ord_00346,,RTGS,
setl_0018_010,4933163735160917,ent_001,payment,19803.08,396.06,71.29,False,True,2026-04-09T00:00:00,2026-04-12T12:00:00,pay_00497,ord_00497,,RTGS,
setl_0018_011,4933163735160917,ent_001,payment,44989.29,899.79,161.96,False,True,2026-04-10T00:00:00,2026-04-12T12:00:00,pay_00053,ord_00053,,UPI,
setl_0018_012,4933163735160917,ent_001,payment,11599.12,231.98,41.76,False,True,2026-04-10T00:00:00,2026-04-12T12:00:00,pay_00074,ord_00074,,CARD,RUPAY
setl_0018_013,4933163735160917,ent_001,payment,21526.39,430.53,77.50,False,True,2026-04-10T00:00:00,2026-04-12T12:00:00,pay_00434,ord_00434,,NEFT,
setl_0018_014,4933163735160917,ent_001,payment,1463.09,29.26,5.27,False,True,2026-04-11T00:00:00,2026-04-12T12:00:00,pay_00045,ord_00045,,UPI,
setl_0018_015,4933163735160917,ent_001,payment,11177.67,223.55,40.24,False,True,2026-04-11T00:00:00,2026-04-12T12:00:00,pay_00166,ord_00166,,NEFT,
setl_0018_016,4933163735160917,ent_001,payment,25006.19,500.12,90.02,False,True,2026-04-11T00:00:00,2026-04-12T12:00:00,pay_00274,ord_00274,,NEFT,
setl_0018_017,4933163735160917,ent_001,payment,34724.73,694.49,125.01,False,True,2026-04-11T00:00:00,2026-04-12T12:00:00,pay_00333,ord_00333,,UPI,
setl_0018_018,4933163735160917,ent_001,payment,9105.85,182.12,32.78,False,True,2026-04-11T00:00:00,2026-04-12T12:00:00,pay_00570,ord_00570,,UPI,
setl_0019_000,0620034244204380,ent_001,payment,17179.71,343.59,58.41,False,True,2026-04-12T00:00:00,2026-04-18T12:00:00,pay_00007,ord_00007,,CARD,MASTERCARD
setl_0019_001,0620034244204380,ent_001,payment,1311.15,26.22,4.46,False,True,2026-04-12T00:00:00,2026-04-18T12:00:00,pay_00130,ord_00130,,UPI,
setl_0019_002,0620034244204380,ent_001,payment,20659.83,413.20,70.24,False,True,2026-04-12T00:00:00,2026-04-18T12:00:00,pay_00256,ord_00256,,CARD,VISA
setl_0019_003,0620034244204380,ent_001,payment,35411.20,708.22,120.40,False,True,2026-04-12T00:00:00,2026-04-18T12:00:00,pay_00284,ord_00284,,NEFT,
setl_0019_004,0620034244204380,ent_001,payment,32927.35,658.55,111.95,False,True,2026-04-12T00:00:00,2026-04-18T12:00:00,pay_00541,ord_00541,,RTGS,
setl_0019_005,0620034244204380,ent_001,payment,32098.15,641.96,109.13,False,True,2026-04-12T00:00:00,2026-04-18T12:00:00,pay_00547,ord_00547,,RTGS,
setl_0019_006,0620034244204380,ent_001,payment,18784.19,375.68,63.87,False,True,2026-04-13T00:00:00,2026-04-18T12:00:00,pay_00228,ord_00228,,CARD,VISA
setl_0019_007,0620034244204380,ent_001,payment,34120.22,682.40,116.01,False,True,2026-04-13T00:00:00,2026-04-18T12:00:00,pay_00477,ord_00477,,UPI,
setl_0019_008,0620034244204380,ent_001,payment,25319.57,506.39,86.09,False,True,2026-04-14T00:00:00,2026-04-18T12:00:00,pay_00384,ord_00384,,RTGS,
setl_0019_009,0620034244204380,ent_001,payment,36510.97,730.22,124.14,False,True,2026-04-14T00:00:00,2026-04-18T12:00:00,pay_00501,ord_00501,,CARD,RUPAY
setl_0019_010,0620034244204380,ent_001,payment,3833.77,76.68,13.04,False,True,2026-04-15T00:00:00,2026-04-18T12:00:00,pay_00103,ord_00103,,UPI,
setl_0019_012,0620034244204380,ent_001,payment,31106.77,622.14,105.76,False,True,2026-04-15T00:00:00,2026-04-18T12:00:00,pay_00393,ord_00393,,NEFT,
setl_0019_012_rf,0620034244204380,ent_001,refund,-15553.39,0,0,False,True,2026-04-15T00:00:00,2026-04-18T12:00:00,pay_00393,ord_00393,,NEFT,
setl_0019_013,0620034244204380,ent_001,payment,32462.73,649.25,110.37,False,True,2026-04-15T00:00:00,2026-04-18T12:00:00,pay_00407,ord_00407,,RTGS,
setl_0019_014,0620034244204380,ent_001,payment,35893.36,717.87,122.04,False,True,2026-04-16T00:00:00,2026-04-18T12:00:00,pay_00004,ord_00004,,UPI,
setl_0019_015,0620034244204380,ent_001,payment,46966.30,939.33,159.69,False,True,2026-04-16T00:00:00,2026-04-18T12:00:00,pay_00068,ord_00068,,NEFT,
setl_0019_016,0620034244204380,ent_001,payment,18973.17,379.46,64.51,False,True,2026-04-16T00:00:00,2026-04-18T12:00:00,pay_00069,ord_00069,,UPI,
setl_0019_017,0620034244204380,ent_001,payment,20871.68,417.43,70.96,False,True,2026-04-16T00:00:00,2026-04-18T12:00:00,pay_00234,ord_00234,,UPI,
setl_0019_018,0620034244204380,ent_001,payment,25594.87,511.90,87.02,False,True,2026-04-16T00:00:00,2026-04-18T12:00:00,pay_00379,ord_00379,,CARD,MASTERCARD
setl_0019_019,0620034244204380,ent_001,payment,13462.32,269.25,45.77,False,True,2026-04-16T00:00:00,2026-04-18T12:00:00,pay_00418,ord_00418,,CARD,RUPAY
setl_0019_020,0620034244204380,ent_001,payment,18615.31,372.31,63.29,False,True,2026-04-16T00:00:00,2026-04-18T12:00:00,pay_00431,ord_00431,,NEFT,
setl_0019_021,0620034244204380,ent_001,payment,27659.91,553.20,94.04,False,True,2026-04-16T00:00:00,2026-04-18T12:00:00,pay_00437,ord_00437,,UPI,
setl_0019_022,0620034244204380,ent_001,payment,47609.28,952.19,161.87,False,True,2026-04-16T00:00:00,2026-04-18T12:00:00,pay_00463,ord_00463,,RTGS,
setl_0019_023,0620034244204380,ent_001,payment,5212.05,104.24,17.72,False,True,2026-04-16T00:00:00,2026-04-18T12:00:00,pay_00524,ord_00524,,RTGS,
setl_0019_024,0620034244204380,ent_001,payment,5829.09,116.58,19.82,False,True,2026-04-17T00:00:00,2026-04-18T12:00:00,pay_00043,ord_00043,,CARD,MASTERCARD
setl_0020_000,3056164840858877,ent_001,payment,27692.18,553.84,99.69,False,True,2026-04-17T00:00:00,2026-04-21T12:00:00,pay_00054,ord_00054,,CARD,RUPAY
setl_0020_001,3056164840858877,ent_001,payment,6200.97,124.02,22.32,False,True,2026-04-17T00:00:00,2026-04-21T12:00:00,pay_00101,ord_00101,,NEFT,
setl_0020_002,3056164840858877,ent_001,payment,48248.54,964.97,173.69,False,True,2026-04-17T00:00:00,2026-04-21T12:00:00,pay_00303,ord_00303,,RTGS,
setl_0020_002_rf,3056164840858877,ent_001,refund,-12062.14,0,0,False,True,2026-04-17T00:00:00,2026-04-21T12:00:00,pay_00303,ord_00303,,RTGS,
setl_0020_003,3056164840858877,ent_001,payment,5095.44,101.91,18.34,False,True,2026-04-17T00:00:00,2026-04-21T12:00:00,pay_00491,ord_00491,,UPI,
setl_0020_004,3056164840858877,ent_001,payment,7606.74,152.13,27.38,False,True,2026-04-17T00:00:00,2026-04-21T12:00:00,pay_00546,ord_00546,,RTGS,
setl_0020_005,3056164840858877,ent_001,payment,32101.55,642.03,115.57,False,True,2026-04-17T00:00:00,2026-04-21T12:00:00,pay_00557,ord_00557,,NEFT,
setl_0020_006,3056164840858877,ent_001,payment,45467.45,909.35,163.68,False,True,2026-04-17T00:00:00,2026-04-21T12:00:00,pay_00591,ord_00591,,UPI,
setl_0020_007,3056164840858877,ent_001,payment,14856.15,297.12,53.48,True,True,2026-04-18T00:00:00,2026-04-21T12:00:00,pay_00026,ord_00026,,NEFT,
setl_0020_008,3056164840858877,ent_001,payment,43401.27,868.03,156.25,False,True,2026-04-18T00:00:00,2026-04-21T12:00:00,pay_00157,ord_00157,,UPI,
setl_0020_009,3056164840858877,ent_001,payment,21502.38,430.05,77.41,False,True,2026-04-18T00:00:00,2026-04-21T12:00:00,pay_00309,ord_00309,,UPI,
setl_0020_010,3056164840858877,ent_001,payment,12943.14,258.86,46.59,False,True,2026-04-18T00:00:00,2026-04-21T12:00:00,pay_00449,ord_00449,,UPI,
setl_0020_011,3056164840858877,ent_001,payment,22935.14,458.70,82.57,False,True,2026-04-18T00:00:00,2026-04-21T12:00:00,pay_00473,ord_00473,,UPI,
setl_0020_012,3056164840858877,ent_001,payment,44870.76,897.42,161.54,True,True,2026-04-19T00:00:00,2026-04-21T12:00:00,pay_00117,ord_00117,,UPI,
setl_0020_013,3056164840858877,ent_001,payment,48240.00,964.80,173.66,False,True,2026-04-19T00:00:00,2026-04-21T12:00:00,pay_00168,ord_00168,,RTGS,
setl_0020_013_rf,3056164840858877,ent_001,refund,-12060.00,0,0,False,True,2026-04-19T00:00:00,2026-04-21T12:00:00,pay_00168,ord_00168,,RTGS,
setl_0020_014,3056164840858877,ent_001,payment,45645.21,912.90,164.32,False,True,2026-04-19T00:00:00,2026-04-21T12:00:00,pay_00244,ord_00244,,CARD,MASTERCARD
setl_0020_015,3056164840858877,ent_001,payment,8824.31,176.49,31.77,False,True,2026-04-19T00:00:00,2026-04-21T12:00:00,pay_00289,ord_00289,,NEFT,
setl_0020_016,3056164840858877,ent_001,payment,32590.14,651.80,117.32,False,True,2026-04-19T00:00:00,2026-04-21T12:00:00,pay_00372,ord_00372,,NEFT,
setl_0020_017,3056164840858877,ent_001,payment,34735.24,694.70,125.05,False,True,2026-04-19T00:00:00,2026-04-21T12:00:00,pay_00420,ord_00420,,RTGS,
setl_0020_018,3056164840858877,ent_001,payment,4137.72,82.75,14.90,False,True,2026-04-19T00:00:00,2026-04-21T12:00:00,pay_00443,ord_00443,,RTGS,
setl_0020_019,3056164840858877,ent_001,payment,13464.87,269.30,48.47,False,True,2026-04-20T00:00:00,2026-04-21T12:00:00,pay_00138,ord_00138,,NEFT,
setl_0021_000,5088210099688143,ent_001,payment,13282.75,265.66,47.82,False,True,2026-04-20T00:00:00,2026-04-25T12:00:00,pay_00226,ord_00226,,NEFT,
setl_0021_001,5088210099688143,ent_001,payment,33843.31,676.87,121.84,False,True,2026-04-20T00:00:00,2026-04-25T12:00:00,pay_00359,ord_00359,,UPI,
setl_0021_002,5088210099688143,ent_001,payment,6239.54,124.79,22.46,False,True,2026-04-20T00:00:00,2026-04-25T12:00:00,pay_00362,ord_00362,,NEFT,
setl_0021_003,5088210099688143,ent_001,payment,20569.39,411.39,74.05,False,True,2026-04-21T00:00:00,2026-04-25T12:00:00,pay_00194,ord_00194,,RTGS,
setl_0021_004,5088210099688143,ent_001,payment,18202.07,364.04,65.53,False,True,2026-04-21T00:00:00,2026-04-25T12:00:00,pay_00290,ord_00290,,RTGS,
setl_0021_005,5088210099688143,ent_001,payment,37581.08,751.62,135.29,False,True,2026-04-21T00:00:00,2026-04-25T12:00:00,pay_00327,ord_00327,,UPI,
setl_0021_006,5088210099688143,ent_001,payment,24607.09,492.14,88.59,False,True,2026-04-21T00:00:00,2026-04-25T12:00:00,pay_00363,ord_00363,,NEFT,
setl_0021_007,5088210099688143,ent_001,payment,43732.84,874.66,157.44,False,True,2026-04-21T00:00:00,2026-04-25T12:00:00,pay_00592,ord_00592,,NEFT,
setl_0021_008,5088210099688143,ent_001,payment,9839.12,196.78,35.42,False,True,2026-04-22T00:00:00,2026-04-25T12:00:00,pay_00000,ord_00000,,UPI,
setl_0021_009,5088210099688143,ent_001,payment,31104.34,622.09,111.98,False,True,2026-04-22T00:00:00,2026-04-25T12:00:00,pay_00023,ord_00023,,NEFT,
setl_0021_010,5088210099688143,ent_001,payment,36032.11,720.64,129.72,False,True,2026-04-22T00:00:00,2026-04-25T12:00:00,pay_00126,ord_00126,,RTGS,
setl_0021_011,5088210099688143,ent_001,payment,39065.73,781.31,140.64,False,True,2026-04-22T00:00:00,2026-04-25T12:00:00,pay_00242,ord_00242,,NEFT,
setl_0021_012,5088210099688143,ent_001,payment,41677.88,833.56,150.04,False,True,2026-04-22T00:00:00,2026-04-25T12:00:00,pay_00275,ord_00275,,UPI,
setl_0021_012_cb,5088210099688143,ent_001,adjustment,-20838.94,0,0,False,True,2026-04-22T00:00:00,2026-04-25T12:00:00,pay_00275,ord_00275,disp_0021_012,UPI,
setl_0021_013,5088210099688143,ent_001,payment,41748.94,834.98,150.30,False,True,2026-04-22T00:00:00,2026-04-25T12:00:00,pay_00315,ord_00315,,UPI,
setl_0021_014,5088210099688143,ent_001,payment,39445.58,788.91,142.00,False,True,2026-04-22T00:00:00,2026-04-25T12:00:00,pay_00411,ord_00411,,RTGS,
setl_0021_015,5088210099688143,ent_001,payment,32953.95,659.08,118.63,False,True,2026-04-22T00:00:00,2026-04-25T12:00:00,pay_00599,ord_00599,,RTGS,
setl_0021_016,5088210099688143,ent_001,payment,41673.07,833.46,150.02,False,True,2026-04-23T00:00:00,2026-04-25T12:00:00,pay_00257,ord_00257,,CARD,MASTERCARD
setl_0021_017,5088210099688143,ent_001,payment,12998.13,259.96,46.79,False,True,2026-04-23T00:00:00,2026-04-25T12:00:00,pay_00300,ord_00300,,RTGS,
setl_0021_018,5088210099688143,ent_001,payment,36017.90,720.36,129.66,False,True,2026-04-23T00:00:00,2026-04-25T12:00:00,pay_00549,ord_00549,,RTGS,
setl_0021_019,5088210099688143,ent_001,payment,40814.86,816.30,146.93,False,True,2026-04-23T00:00:00,2026-04-25T12:00:00,pay_00569,ord_00569,,RTGS,
setl_0021_020,5088210099688143,ent_001,payment,965.13,19.30,3.47,False,True,2026-04-24T00:00:00,2026-04-25T12:00:00,pay_00183,ord_00183,,UPI,
setl_0022_000,3084887256394278,ent_001,payment,34750.33,695.01,125.10,False,True,2026-04-24T00:00:00,2026-04-27T12:00:00,pay_00412,ord_00412,,UPI,
setl_0022_001,3084887256394278,ent_001,payment,8806.53,176.13,31.70,False,True,2026-04-24T00:00:00,2026-04-27T12:00:00,pay_00419,ord_00419,,CARD,RUPAY
setl_0022_002,3084887256394278,ent_001,payment,33379.81,667.60,120.17,False,True,2026-04-24T00:00:00,2026-04-27T12:00:00,pay_00545,ord_00545,,NEFT,
setl_0022_003,3084887256394278,ent_001,payment,19617.49,392.35,70.62,False,True,2026-04-25T00:00:00,2026-04-27T12:00:00,pay_00020,ord_00020,,RTGS,
setl_0022_004,3084887256394278,ent_001,payment,36659.19,733.18,131.97,False,True,2026-04-25T00:00:00,2026-04-27T12:00:00,pay_00077,ord_00077,,RTGS,
setl_0022_005,3084887256394278,ent_001,payment,10954.32,219.09,39.44,False,True,2026-04-25T00:00:00,2026-04-27T12:00:00,pay_00163,ord_00163,,RTGS,
setl_0022_006,3084887256394278,ent_001,payment,31585.73,631.71,113.71,False,True,2026-04-25T00:00:00,2026-04-27T12:00:00,pay_00238,ord_00238,,UPI,
setl_0022_007,3084887256394278,ent_001,payment,49284.41,985.69,177.42,False,True,2026-04-25T00:00:00,2026-04-27T12:00:00,pay_00261,ord_00261,,RTGS,
setl_0022_008,3084887256394278,ent_001,payment,7310.49,146.21,26.32,False,True,2026-04-25T00:00:00,2026-04-27T12:00:00,pay_00291,ord_00291,,NEFT,
setl_0022_008_rf,3084887256394278,ent_001,refund,-7310.49,0,0,False,True,2026-04-25T00:00:00,2026-04-27T12:00:00,pay_00291,ord_00291,,NEFT,
setl_0022_009,3084887256394278,ent_001,payment,34092.36,681.85,122.73,False,True,2026-04-25T00:00:00,2026-04-27T12:00:00,pay_00320,ord_00320,,UPI,
setl_0022_010,3084887256394278,ent_001,payment,46016.04,920.32,165.66,False,True,2026-04-25T00:00:00,2026-04-27T12:00:00,pay_00324,ord_00324,,CARD,MASTERCARD
setl_0022_011,3084887256394278,ent_001,payment,28749.84,575.00,103.50,False,True,2026-04-25T00:00:00,2026-04-27T12:00:00,pay_00556,ord_00556,,NEFT,
setl_0022_012,3084887256394278,ent_001,payment,22895.72,457.91,82.42,False,True,2026-04-26T00:00:00,2026-04-27T12:00:00,pay_00025,ord_00025,,UPI,
setl_0023_000,8655779082723184,ent_001,payment,31824.78,636.50,114.57,False,True,2026-04-26T00:00:00,2026-05-01T12:00:00,pay_00064,ord_00064,,CARD,VISA
setl_0023_001,8655779082723184,ent_001,payment,26855.65,537.11,96.68,False,True,2026-04-26T00:00:00,2026-05-01T12:00:00,pay_00106,ord_00106,,NEFT,
setl_0023_002,8655779082723184,ent_001,payment,25665.57,513.31,92.40,False,True,2026-04-26T00:00:00,2026-05-01T12:00:00,pay_00108,ord_00108,,CARD,VISA
setl_0023_003,8655779082723184,ent_001,payment,47023.41,940.47,169.28,False,True,2026-04-26T00:00:00,2026-05-01T12:00:00,pay_00118,ord_00118,,RTGS,
setl_0023_004,8655779082723184,ent_001,payment,28199.18,563.98,101.52,True,True,2026-04-26T00:00:00,2026-05-01T12:00:00,pay_00162,ord_00162,,RTGS,
setl_0023_004_rf,8655779082723184,ent_001,refund,-28199.18,0,0,False,True,2026-04-26T00:00:00,2026-05-01T12:00:00,pay_00162,ord_00162,,RTGS,
setl_0023_005,8655779082723184,ent_001,payment,45814.63,916.29,164.93,False,True,2026-04-26T00:00:00,2026-05-01T12:00:00,pay_00417,ord_00417,,CARD,RUPAY
setl_0023_005_rf,8655779082723184,ent_001,refund,-45814.63,0,0,False,True,2026-04-26T00:00:00,2026-05-01T12:00:00,pay_00417,ord_00417,,CARD,RUPAY
setl_0023_006,8655779082723184,ent_001,payment,21881.70,437.63,78.77,False,True,2026-04-26T00:00:00,2026-05-01T12:00:00,pay_00458,ord_00458,,RTGS,
setl_0023_007,8655779082723184,ent_001,payment,10753.50,215.07,38.71,False,True,2026-04-26T00:00:00,2026-05-01T12:00:00,pay_00464,ord_00464,,CARD,RUPAY
setl_0023_008,8655779082723184,ent_001,payment,46248.66,924.97,166.49,False,True,2026-04-27T00:00:00,2026-05-01T12:00:00,pay_00003,ord_00003,,UPI,
setl_0023_009,8655779082723184,ent_001,payment,45481.03,909.62,163.73,False,True,2026-04-27T00:00:00,2026-05-01T12:00:00,pay_00151,ord_00151,,RTGS,
setl_0023_010,8655779082723184,ent_001,payment,18426.57,368.53,66.34,False,True,2026-04-27T00:00:00,2026-05-01T12:00:00,pay_00173,ord_00173,,CARD,VISA
setl_0023_011,8655779082723184,ent_001,payment,46351.97,927.04,166.87,False,True,2026-04-27T00:00:00,2026-05-01T12:00:00,pay_00377,ord_00377,,NEFT,
setl_0023_012,8655779082723184,ent_001,payment,11973.87,239.48,43.11,False,True,2026-04-27T00:00:00,2026-05-01T12:00:00,pay_00390,ord_00390,,UPI,
setl_0023_013,8655779082723184,ent_001,payment,4892.73,97.85,17.61,False,True,2026-04-27T00:00:00,2026-05-01T12:00:00,pay_00539,ord_00539,,RTGS,
setl_0023_014,8655779082723184,ent_001,payment,27702.80,554.06,99.73,False,True,2026-04-28T00:00:00,2026-05-01T12:00:00,pay_00029,ord_00029,,UPI,
setl_0023_015,8655779082723184,ent_001,payment,45544.33,910.89,163.96,False,True,2026-04-28T00:00:00,2026-05-01T12:00:00,pay_00046,ord_00046,,RTGS,
setl_0023_016,8655779082723184,ent_001,payment,22644.57,452.89,81.52,False,True,2026-04-28T00:00:00,2026-05-01T12:00:00,pay_00124,ord_00124,,CARD,VISA
setl_0023_017,8655779082723184,ent_001,payment,21432.07,428.64,77.16,False,True,2026-04-28T00:00:00,2026-05-01T12:00:00,pay_00136,ord_00136,,UPI,
setl_0023_018,8655779082723184,ent_001,payment,31314.28,626.29,112.73,False,True,2026-04-28T00:00:00,2026-05-01T12:00:00,pay_00424,ord_00424,,RTGS,
setl_0023_019,8655779082723184,ent_001,payment,9556.49,191.13,34.40,False,True,2026-04-28T00:00:00,2026-05-01T12:00:00,pay_00446,ord_00446,,CARD,RUPAY
setl_0023_019_cb,8655779082723184,ent_001,adjustment,-4778.25,0,0,False,True,2026-04-28T00:00:00,2026-05-01T12:00:00,pay_00446,ord_00446,disp_0023_019,CARD,RUPAY
setl_0023_020,8655779082723184,ent_001,payment,47853.00,957.06,172.27,False,True,2026-04-28T00:00:00,2026-05-01T12:00:00,pay_00520,ord_00520,,RTGS,
setl_0023_021,8655779082723184,ent_001,payment,20909.91,418.20,75.28,False,True,2026-04-29T00:00:00,2026-05-01T12:00:00,pay_00260,ord_00260,,RTGS,
setl_0023_022,8655779082723184,ent_001,payment,26009.01,520.18,93.63,False,True,2026-04-29T00:00:00,2026-05-01T12:00:00,pay_00305,ord_00305,,CARD,MASTERCARD
setl_0023_023,8655779082723184,ent_001,payment,21479.75,429.60,77.33,False,True,2026-04-29T00:00:00,2026-05-01T12:00:00,pay_00380,ord_00380,,CARD,RUPAY
setl_0023_024,8655779082723184,ent_001,payment,35951.46,719.03,129.43,False,True,2026-04-30T00:00:00,2026-05-01T12:00:00,pay_00010,ord_00010,,RTGS,
setl_0023_025,8655779082723184,ent_001,payment,21995.27,439.91,79.18,False,True,2026-04-30T00:00:00,2026-05-01T12:00:00,pay_00229,ord_00229,,RTGS,
setl_0023_026,8655779082723184,ent_001,payment,25798.58,515.97,92.87,False,True,2026-04-30T00:00:00,2026-05-01T12:00:00,pay_00235,ord_00235,,UPI,
setl_0023_027,8655779082723184,ent_001,payment,20532.46,410.65,73.92,True,True,2026-04-30T00:00:00,2026-05-01T12:00:00,pay_00349,ord_00349,,CARD,RUPAY
setl_0023_028,8655779082723184,ent_001,payment,12142.77,242.86,43.71,False,True,2026-04-30T00:00:00,2026-05-01T12:00:00,pay_00583,ord_00583,,CARD,VISA
setl_0024_000,5126944869594636,ent_001,payment,6334.70,126.69,22.80,False,True,2026-05-01T00:00:00,2026-05-08T12:00:00,pay_00019,ord_00019,,UPI,
setl_0024_001,5126944869594636,ent_001,payment,24216.13,484.32,87.18,False,True,2026-05-01T00:00:00,2026-05-08T12:00:00,pay_00296,ord_00296,,CARD,MASTERCARD
setl_0024_002,5126944869594636,ent_001,payment,35538.70,710.77,127.94,False,True,2026-05-01T00:00:00,2026-05-08T12:00:00,pay_00502,ord_00502,,RTGS,
setl_0024_003,5126944869594636,ent_001,payment,26648.65,532.97,95.93,False,True,2026-05-02T00:00:00,2026-05-08T12:00:00,pay_00063,ord_00063,,CARD,RUPAY
setl_0024_004,5126944869594636,ent_001,payment,29262.88,585.26,105.35,False,True,2026-05-02T00:00:00,2026-05-08T12:00:00,pay_00123,ord_00123,,NEFT,
setl_0024_005,5126944869594636,ent_001,payment,32710.44,654.21,117.76,False,True,2026-05-02T00:00:00,2026-05-08T12:00:00,pay_00181,ord_00181,,CARD,MASTERCARD
setl_0024_006,5126944869594636,ent_001,payment,37708.70,754.17,135.75,False,True,2026-05-02T00:00:00,2026-05-08T12:00:00,pay_00447,ord_00447,,UPI,
setl_0024_007,5126944869594636,ent_001,payment,12544.09,250.88,45.16,False,True,2026-05-02T00:00:00,2026-05-08T12:00:00,pay_00593,ord_00593,,RTGS,
setl_0024_008,5126944869594636,ent_001,payment,14344.95,286.90,51.64,False,True,2026-05-03T00:00:00,2026-05-08T12:00:00,pay_00212,ord_00212,,CARD,RUPAY
setl_0024_009,5126944869594636,ent_001,payment,25544.67,510.89,91.96,False,True,2026-05-03T00:00:00,2026-05-08T12:00:00,pay_00344,ord_00344,,CARD,VISA
setl_0024_011,5126944869594636,ent_001,payment,26813.16,536.26,96.53,False,True,2026-05-04T00:00:00,2026-05-08T12:00:00,pay_00156,ord_00156,,CARD,RUPAY
setl_0024_012,5126944869594636,ent_001,payment,12889.12,257.78,46.40,False,True,2026-05-04T00:00:00,2026-05-08T12:00:00,pay_00514,ord_00514,,NEFT,
setl_0024_013,5126944869594636,ent_001,payment,23571.13,471.42,84.86,False,True,2026-05-05T00:00:00,2026-05-08T12:00:00,pay_00001,ord_00001,,NEFT,
setl_0024_014,5126944869594636,ent_001,payment,47590.97,951.82,171.33,False,True,2026-05-06T00:00:00,2026-05-08T12:00:00,pay_00036,ord_00036,,RTGS,
setl_0024_015,5126944869594636,ent_001,payment,49538.62,990.77,178.34,False,True,2026-05-06T00:00:00,2026-05-08T12:00:00,pay_00037,ord_00037,,CARD,RUPAY
setl_0024_016,5126944869594636,ent_001,payment,26807.07,536.14,96.51,False,True,2026-05-06T00:00:00,2026-05-08T12:00:00,pay_00096,ord_00096,,UPI,
setl_0024_016_rf,5126944869594636,ent_001,refund,-6701.77,0,0,False,True,2026-05-06T00:00:00,2026-05-08T12:00:00,pay_00096,ord_00096,,UPI,
setl_0024_017,5126944869594636,ent_001,payment,46907.76,938.16,168.87,False,True,2026-05-06T00:00:00,2026-05-08T12:00:00,pay_00121,ord_00121,,NEFT,
setl_0024_018,5126944869594636,ent_001,payment,8081.56,161.63,29.09,False,True,2026-05-06T00:00:00,2026-05-08T12:00:00,pay_00364,ord_00364,,CARD,VISA
setl_0024_019,5126944869594636,ent_001,payment,35354.92,707.10,127.28,False,True,2026-05-06T00:00:00,2026-05-08T12:00:00,pay_00395,ord_00395,,NEFT,
setl_0024_020,5126944869594636,ent_001,payment,28913.49,578.27,104.09,False,True,2026-05-06T00:00:00,2026-05-08T12:00:00,pay_00400,ord_00400,,UPI,
setl_0024_021,5126944869594636,ent_001,payment,5831.63,116.63,20.99,False,True,2026-05-06T00:00:00,2026-05-08T12:00:00,pay_00440,ord_00440,,CARD,MASTERCARD
setl_0024_022,5126944869594636,ent_001,payment,45000.11,900.00,162.00,False,True,2026-05-06T00:00:00,2026-05-08T12:00:00,pay_00479,ord_00479,,NEFT,
setl_0024_022_cb,5126944869594636,ent_001,adjustment,-22500.06,0,0,False,True,2026-05-06T00:00:00,2026-05-08T12:00:00,pay_00479,ord_00479,disp_0024_022,NEFT,
setl_0024_023,5126944869594636,ent_001,payment,4452.40,89.05,16.03,False,True,2026-05-07T00:00:00,2026-05-08T12:00:00,pay_00041,ord_00041,,UPI,
setl_0024_024,5126944869594636,ent_001,payment,37625.74,752.51,135.45,False,True,2026-05-07T00:00:00,2026-05-08T12:00:00,pay_00189,ord_00189,,CARD,MASTERCARD
setl_0024_025,5126944869594636,ent_001,payment,39482.57,789.65,142.14,False,True,2026-05-07T00:00:00,2026-05-08T12:00:00,pay_00248,ord_00248,,CARD,RUPAY
setl_0025_000,9735779071416335,ent_001,payment,19425.93,388.52,69.93,False,True,2026-05-07T00:00:00,2026-05-15T12:00:00,pay_00402,ord_00402,,CARD,MASTERCARD
setl_0025_000_cb,9735779071416335,ent_001,adjustment,-9712.97,0,0,False,True,2026-05-07T00:00:00,2026-05-15T12:00:00,pay_00402,ord_00402,disp_0025_000,CARD,MASTERCARD
setl_0025_001,9735779071416335,ent_001,payment,47789.55,955.79,172.04,False,True,2026-05-07T00:00:00,2026-05-15T12:00:00,pay_00519,ord_00519,,CARD,VISA
setl_0025_002,9735779071416335,ent_001,payment,28735.59,574.71,103.45,False,True,2026-05-08T00:00:00,2026-05-15T12:00:00,pay_00012,ord_00012,,UPI,
setl_0025_003,9735779071416335,ent_001,payment,45186.63,903.73,162.67,False,True,2026-05-08T00:00:00,2026-05-15T12:00:00,pay_00059,ord_00059,,NEFT,
setl_0025_004,9735779071416335,ent_001,payment,23108.22,462.16,83.19,False,True,2026-05-08T00:00:00,2026-05-15T12:00:00,pay_00311,ord_00311,,UPI,
setl_0025_005,9735779071416335,ent_001,payment,15196.06,303.92,54.71,False,True,2026-05-08T00:00:00,2026-05-15T12:00:00,pay_00312,ord_00312,,CARD,VISA
setl_0025_006,9735779071416335,ent_001,payment,6821.09,136.42,24.56,False,True,2026-05-08T00:00:00,2026-05-15T12:00:00,pay_00517,ord_00517,,NEFT,
setl_0025_007,9735779071416335,ent_001,payment,29035.98,580.72,104.53,False,True,2026-05-09T00:00:00,2026-05-15T12:00:00,pay_00047,ord_00047,,UPI,
setl_0025_008,9735779071416335,ent_001,payment,11473.94,229.48,41.31,False,True,2026-05-09T00:00:00,2026-05-15T12:00:00,pay_00128,ord_00128,,RTGS,
setl_0025_009,9735779071416335,ent_001,payment,34404.66,688.09,123.86,False,True,2026-05-09T00:00:00,2026-05-15T12:00:00,pay_00323,ord_00323,,UPI,
setl_0025_010,9735779071416335,ent_001,payment,35307.89,706.16,127.11,False,True,2026-05-09T00:00:00,2026-05-15T12:00:00,pay_00341,ord_00341,,RTGS,
setl_0025_011,9735779071416335,ent_001,payment,12012.08,240.24,43.24,False,True,2026-05-09T00:00:00,2026-05-15T12:00:00,pay_00493,ord_00493,,RTGS,
setl_0025_012,9735779071416335,ent_001,payment,41949.54,838.99,151.02,False,True,2026-05-09T00:00:00,2026-05-15T12:00:00,pay_00518,ord_00518,,CARD,RUPAY
setl_0025_013,9735779071416335,ent_001,payment,41291.36,825.83,148.65,False,True,2026-05-09T00:00:00,2026-05-15T12:00:00,pay_00552,ord_00552,,NEFT,
setl_0025_014,9735779071416335,ent_001,payment,36163.84,723.28,130.19,False,True,2026-05-10T00:00:00,2026-05-15T12:00:00,pay_00184,ord_00184,,NEFT,
setl_0025_015,9735779071416335,ent_001,payment,3877.09,77.54,13.96,False,True,2026-05-10T00:00:00,2026-05-15T12:00:00,pay_00224,ord_00224,,UPI,
setl_0025_016,9735779071416335,ent_001,payment,44336.56,886.73,159.61,False,True,2026-05-10T00:00:00,2026-05-15T12:00:00,pay_00285,ord_00285,,CARD,MASTERCARD
setl_0025_017,9735779071416335,ent_001,payment,19803.72,396.07,71.29,False,True,2026-05-10T00:00:00,2026-05-15T12:00:00,pay_00388,ord_00388,,RTGS,
setl_0025_018,9735779071416335,ent_001,payment,49975.13,999.50,179.91,False,True,2026-05-11T00:00:00,2026-05-15T12:00:00,pay_00298,ord_00298,,NEFT,
setl_0025_018_rf,9735779071416335,ent_001,refund,-49975.13,0,0,False,True,2026-05-11T00:00:00,2026-05-15T12:00:00,pay_00298,ord_00298,,NEFT,
setl_0025_019,9735779071416335,ent_001,payment,37478.92,749.58,134.92,False,True,2026-05-11T00:00:00,2026-05-15T12:00:00,pay_00392,ord_00392,,UPI,
setl_0025_020,9735779071416335,ent_001,payment,14734.74,294.69,53.04,False,True,2026-05-12T00:00:00,2026-05-15T12:00:00,pay_00174,ord_00174,,UPI,
setl_0025_021,9735779071416335,ent_001,payment,47973.86,959.48,172.71,False,True,2026-05-12T00:00:00,2026-05-15T12:00:00,pay_00236,ord_00236,,UPI,
setl_0025_022,9735779071416335,ent_001,payment,1946.46,38.93,7.01,False,True,2026-05-12T00:00:00,2026-05-15T12:00:00,pay_00258,ord_00258,,UPI,
setl_0025_023,9735779071416335,ent_001,payment,12751.50,255.03,45.91,False,True,2026-05-12T00:00:00,2026-05-15T12:00:00,pay_00581,ord_00581,,NEFT,
setl_0025_024,9735779071416335,ent_001,payment,9666.15,193.32,34.80,False,True,2026-05-13T00:00:00,2026-05-15T12:00:00,pay_00081,ord_00081,,NEFT,
setl_0025_025,9735779071416335,ent_001,payment,21317.77,426.36,76.74,False,True,2026-05-13T00:00:00,2026-05-15T12:00:00,pay_00142,ord_00142,,RTGS,
setl_0025_026,9735779071416335,ent_001,payment,22172.17,443.44,79.82,False,True,2026-05-13T00:00:00,2026-05-15T12:00:00,pay_00252,ord_00252,,RTGS,
setl_0025_027,9735779071416335,ent_001,payment,1045.15,20.90,3.76,False,True,2026-05-14T00:00:00,2026-05-15T12:00:00,pay_00009,ord_00009,,NEFT,
setl_0025_028,9735779071416335,ent_001,payment,4144.88,82.90,14.92,False,True,2026-05-14T00:00:00,2026-05-15T12:00:00,pay_00015,ord_00015,,CARD,VISA
setl_0026_000,8857448906120347,ent_001,payment,46664.63,933.29,167.99,False,True,2026-05-14T00:00:00,2026-05-20T12:00:00,pay_00086,ord_00086,,UPI,
setl_0026_001,8857448906120347,ent_001,payment,11414.87,228.30,41.09,False,True,2026-05-14T00:00:00,2026-05-20T12:00:00,pay_00462,ord_00462,,UPI,
setl_0026_002,8857448906120347,ent_001,payment,36496.55,729.93,131.39,False,True,2026-05-14T00:00:00,2026-05-20T12:00:00,pay_00472,ord_00472,,UPI,
setl_0026_003,8857448906120347,ent_001,payment,29309.64,586.19,105.51,False,True,2026-05-14T00:00:00,2026-05-20T12:00:00,pay_00533,ord_00533,,UPI,
setl_0026_004,8857448906120347,ent_001,payment,11220.11,224.40,40.39,False,True,2026-05-15T00:00:00,2026-05-20T12:00:00,pay_00548,ord_00548,,UPI,
setl_0026_005,8857448906120347,ent_001,payment,5981.40,119.63,21.53,False,True,2026-05-16T00:00:00,2026-05-20T12:00:00,pay_00280,ord_00280,,CARD,MASTERCARD
setl_0026_006,8857448906120347,ent_001,payment,12431.64,248.63,44.75,False,True,2026-05-16T00:00:00,2026-05-20T12:00:00,pay_00301,ord_00301,,UPI,
setl_0026_007,8857448906120347,ent_001,payment,715.18,14.30,2.57,False,True,2026-05-16T00:00:00,2026-05-20T12:00:00,pay_00343,ord_00343,,RTGS,
setl_0026_008,8857448906120347,ent_001,payment,30836.14,616.72,111.01,False,True,2026-05-17T00:00:00,2026-05-20T12:00:00,pay_00018,ord_00018,,NEFT,
setl_0026_009,8857448906120347,ent_001,payment,46068.42,921.37,165.85,False,True,2026-05-17T00:00:00,2026-05-20T12:00:00,pay_00116,ord_00116,,RTGS,
setl_0026_010,8857448906120347,ent_001,payment,31472.08,629.44,113.30,False,True,2026-05-17T00:00:00,2026-05-20T12:00:00,pay_00132,ord_00132,,NEFT,
setl_0026_011,8857448906120347,ent_001,payment,46458.83,929.18,167.25,False,True,2026-05-17T00:00:00,2026-05-20T12:00:00,pay_00190,ord_00190,,CARD,MASTERCARD
setl_0026_012,8857448906120347,ent_001,payment,35744.19,714.88,128.68,False,True,2026-05-17T00:00:00,2026-05-20T12:00:00,pay_00203,ord_00203,,CARD,MASTERCARD
setl_0026_013,8857448906120347,ent_001,payment,7370.79,147.42,26.54,False,True,2026-05-17T00:00:00,2026-05-20T12:00:00,pay_00221,ord_00221,,CARD,MASTERCARD
setl_0026_014,8857448906120347,ent_001,payment,14302.98,286.06,51.49,False,True,2026-05-17T00:00:00,2026-05-20T12:00:00,pay_00398,ord_00398,,RTGS,
setl_0026_015,8857448906120347,ent_001,payment,30854.40,617.09,111.08,False,True,2026-05-17T00:00:00,2026-05-20T12:00:00,pay_00505,ord_00505,,UPI,
setl_0026_016,8857448906120347,ent_001,payment,37197.85,743.96,133.91,False,True,2026-05-17T00:00:00,2026-05-20T12:00:00,pay_00573,ord_00573,,UPI,
setl_0026_017,8857448906120347,ent_001,payment,13042.61,260.85,46.95,False,True,2026-05-17T00:00:00,2026-05-20T12:00:00,pay_00586,ord_00586,,CARD,VISA
setl_0026_018,8857448906120347,ent_001,payment,23762.56,475.25,85.55,False,True,2026-05-18T00:00:00,2026-05-20T12:00:00,pay_00193,ord_00193,,CARD,VISA
setl_0026_019,8857448906120347,ent_001,payment,16088.12,321.76,57.92,False,True,2026-05-19T00:00:00,2026-05-20T12:00:00,pay_00100,ord_00100,,UPI,
setl_0027_000,4334722820055778,ent_001,payment,35737.08,857.69,154.38,False,True,2026-05-19T00:00:00,2026-05-21T12:00:00,pay_00240,ord_00240,,CARD,RUPAY
setl_0027_001,4334722820055778,ent_001,payment,27764.16,666.34,119.94,False,True,2026-05-19T00:00:00,2026-05-21T12:00:00,pay_00250,ord_00250,,NEFT,
setl_0027_002,4334722820055778,ent_001,payment,25843.80,620.25,111.65,False,True,2026-05-19T00:00:00,2026-05-21T12:00:00,pay_00381,ord_00381,,NEFT,
setl_0027_003,4334722820055778,ent_001,payment,47250.77,1134.02,204.12,False,True,2026-05-19T00:00:00,2026-05-21T12:00:00,pay_00403,ord_00403,,RTGS,
setl_0027_004,4334722820055778,ent_001,payment,9578.01,229.87,41.38,False,True,2026-05-19T00:00:00,2026-05-21T12:00:00,pay_00469,ord_00469,,RTGS,
setl_0027_005,4334722820055778,ent_001,payment,47162.93,1131.91,203.74,False,True,2026-05-19T00:00:00,2026-05-21T12:00:00,pay_00470,ord_00470,,RTGS,
setl_0027_006,4334722820055778,ent_001,payment,48792.40,1171.02,210.78,False,True,2026-05-20T00:00:00,2026-05-21T12:00:00,pay_00205,ord_00205,,CARD,VISA
setl_0027_007,4334722820055778,ent_001,payment,13990.96,335.78,60.44,False,True,2026-05-20T00:00:00,2026-05-21T12:00:00,pay_00318,ord_00318,,RTGS,
setl_0027_008,4334722820055778,ent_001,payment,28062.07,673.49,121.23,False,True,2026-05-20T00:00:00,2026-05-21T12:00:00,pay_00360,ord_00360,,CARD,MASTERCARD
setl_0027_009,4334722820055778,ent_001,payment,30924.31,742.18,133.59,True,True,2026-05-20T00:00:00,2026-05-21T12:00:00,pay_00423,ord_00423,,UPI,
setl_0028_000,8536866326634163,ent_001,payment,5044.20,100.88,18.16,False,True,2026-05-21T00:00:00,2026-05-26T12:00:00,pay_00079,ord_00079,,UPI,
setl_0028_001,8536866326634163,ent_001,payment,14131.63,282.63,50.87,False,True,2026-05-21T00:00:00,2026-05-26T12:00:00,pay_00139,ord_00139,,NEFT,
setl_0028_002,8536866326634163,ent_001,payment,6323.43,126.47,22.76,False,True,2026-05-21T00:00:00,2026-05-26T12:00:00,pay_00149,ord_00149,,RTGS,
setl_0028_003,8536866326634163,ent_001,payment,39230.07,784.60,141.23,False,True,2026-05-21T00:00:00,2026-05-26T12:00:00,pay_00216,ord_00216,,NEFT,
setl_0028_004,8536866326634163,ent_001,payment,49869.06,997.38,179.53,False,True,2026-05-21T00:00:00,2026-05-26T12:00:00,pay_00287,ord_00287,,CARD,MASTERCARD
setl_0028_005,8536866326634163,ent_001,payment,6356.09,127.12,22.88,False,True,2026-05-21T00:00:00,2026-05-26T12:00:00,pay_00340,ord_00340,,RTGS,
setl_0028_005_rf,8536866326634163,ent_001,refund,-1589.02,0,0,False,True,2026-05-21T00:00:00,2026-05-26T12:00:00,pay_00340,ord_00340,,RTGS,
setl_0028_006,8536866326634163,ent_001,payment,12965.08,259.30,46.67,True,True,2026-05-21T00:00:00,2026-05-26T12:00:00,pay_00345,ord_00345,,CARD,VISA
setl_0028_007,8536866326634163,ent_001,payment,27019.65,540.39,97.27,False,True,2026-05-21T00:00:00,2026-05-26T12:00:00,pay_00521,ord_00521,,NEFT,
setl_0028_007_rf,8536866326634163,ent_001,refund,-6754.91,0,0,False,True,2026-05-21T00:00:00,2026-05-26T12:00:00,pay_00521,ord_00521,,NEFT,
setl_0028_008,8536866326634163,ent_001,payment,25535.36,510.71,91.93,False,True,2026-05-22T00:00:00,2026-05-26T12:00:00,pay_00051,ord_00051,,NEFT,
setl_0028_009,8536866326634163,ent_001,payment,6823.74,136.47,24.56,False,True,2026-05-22T00:00:00,2026-05-26T12:00:00,pay_00085,ord_00085,,CARD,MASTERCARD
setl_0028_010,8536866326634163,ent_001,payment,3748.45,74.97,13.49,False,True,2026-05-22T00:00:00,2026-05-26T12:00:00,pay_00144,ord_00144,,CARD,VISA
setl_0028_011,8536866326634163,ent_001,payment,1528.89,30.58,5.50,False,True,2026-05-22T00:00:00,2026-05-26T12:00:00,pay_00276,ord_00276,,RTGS,
setl_0028_012,8536866326634163,ent_001,payment,8919.19,178.38,32.11,False,True,2026-05-22T00:00:00,2026-05-26T12:00:00,pay_00354,ord_00354,,CARD,MASTERCARD
setl_0028_013,8536866326634163,ent_001,payment,13448.75,268.98,48.42,False,True,2026-05-22T00:00:00,2026-05-26T12:00:00,pay_00357,ord_00357,,UPI,
setl_0028_014,8536866326634163,ent_001,payment,26527.71,530.55,95.50,False,True,2026-05-22T00:00:00,2026-05-26T12:00:00,pay_00509,ord_00509,,RTGS,
setl_0028_015,8536866326634163,ent_001,payment,21471.78,429.44,77.30,False,True,2026-05-22T00:00:00,2026-05-26T12:00:00,pay_00568,ord_00568,,UPI,
setl_0028_016,8536866326634163,ent_001,payment,26296.15,525.92,94.67,False,True,2026-05-23T00:00:00,2026-05-26T12:00:00,pay_00056,ord_00056,,NEFT,
setl_0028_017,8536866326634163,ent_001,payment,20992.06,419.84,75.57,False,True,2026-05-23T00:00:00,2026-05-26T12:00:00,pay_00114,ord_00114,,RTGS,
setl_0028_018,8536866326634163,ent_001,payment,35085.76,701.72,126.31,False,True,2026-05-23T00:00:00,2026-05-26T12:00:00,pay_00140,ord_00140,,UPI,
setl_0028_019,8536866326634163,ent_001,payment,22412.31,448.25,80.69,False,True,2026-05-23T00:00:00,2026-05-26T12:00:00,pay_00153,ord_00153,,NEFT,
setl_0028_020,8536866326634163,ent_001,payment,41160.57,823.21,148.18,False,True,2026-05-23T00:00:00,2026-05-26T12:00:00,pay_00330,ord_00330,,UPI,
setl_0028_021,8536866326634163,ent_001,payment,38991.28,779.83,140.37,False,True,2026-05-24T00:00:00,2026-05-26T12:00:00,pay_00034,ord_00034,,NEFT,
setl_0028_022,8536866326634163,ent_001,payment,36741.19,734.82,132.27,False,True,2026-05-24T00:00:00,2026-05-26T12:00:00,pay_00308,ord_00308,,RTGS,
setl_0028_023,8536866326634163,ent_001,payment,4913.14,98.26,17.69,False,True,2026-05-24T00:00:00,2026-05-26T12:00:00,pay_00483,ord_00483,,NEFT,
setl_0028_023_rf,8536866326634163,ent_001,refund,-1228.29,0,0,False,True,2026-05-24T00:00:00,2026-05-26T12:00:00,pay_00483,ord_00483,,NEFT,
setl_0028_024,8536866326634163,ent_001,payment,29825.32,596.51,107.37,False,True,2026-05-24T00:00:00,2026-05-26T12:00:00,pay_00575,ord_00575,,UPI,
setl_0028_025,8536866326634163,ent_001,payment,49450.28,989.01,178.02,False,True,2026-05-25T00:00:00,2026-05-26T12:00:00,pay_00038,ord_00038,,CARD,VISA
setl_0028_026,8536866326634163,ent_001,payment,13851.13,277.02,49.86,False,True,2026-05-25T00:00:00,2026-05-26T12:00:00,pay_00191,ord_00191,,CARD,RUPAY
setl_0029_000,1273585730652407,ent_001,payment,43917.40,878.35,158.10,False,True,2026-05-26T00:00:00,2026-05-29T12:00:00,pay_00065,ord_00065,,CARD,RUPAY
setl_0029_001,1273585730652407,ent_001,payment,30515.21,610.30,109.85,False,True,2026-05-26T00:00:00,2026-05-29T12:00:00,pay_00135,ord_00135,,NEFT,
setl_0029_002,1273585730652407,ent_001,payment,49496.13,989.92,178.19,False,True,2026-05-26T00:00:00,2026-05-29T12:00:00,pay_00204,ord_00204,,UPI,
setl_0029_003,1273585730652407,ent_001,payment,39528.27,790.57,142.30,False,True,2026-05-26T00:00:00,2026-05-29T12:00:00,pay_00376,ord_00376,,RTGS,
setl_0029_004,1273585730652407,ent_001,payment,3807.00,76.14,13.71,False,True,2026-05-26T00:00:00,2026-05-29T12:00:00,pay_00391,ord_00391,,RTGS,
setl_0029_005,1273585730652407,ent_001,payment,7277.19,145.54,26.20,False,True,2026-05-26T00:00:00,2026-05-29T12:00:00,pay_00448,ord_00448,,RTGS,
setl_0029_005_rf,1273585730652407,ent_001,refund,-7277.19,0,0,False,True,2026-05-26T00:00:00,2026-05-29T12:00:00,pay_00448,ord_00448,,RTGS,
setl_0029_006,1273585730652407,ent_001,payment,29807.72,596.15,107.31,False,True,2026-05-26T00:00:00,2026-05-29T12:00:00,pay_00513,ord_00513,,RTGS,
setl_0029_007,1273585730652407,ent_001,payment,33552.81,671.06,120.79,False,True,2026-05-27T00:00:00,2026-05-29T12:00:00,pay_00214,ord_00214,,UPI,
setl_0029_008,1273585730652407,ent_001,payment,42168.50,843.37,151.81,False,True,2026-05-27T00:00:00,2026-05-29T12:00:00,pay_00387,ord_00387,,RTGS,
setl_0029_009,1273585730652407,ent_001,payment,40920.32,818.41,147.31,False,True,2026-05-27T00:00:00,2026-05-29T12:00:00,pay_00399,ord_00399,,RTGS,
setl_0029_010,1273585730652407,ent_001,payment,19125.89,382.52,68.85,False,True,2026-05-27T00:00:00,2026-05-29T12:00:00,pay_00574,ord_00574,,CARD,MASTERCARD
setl_0029_011,1273585730652407,ent_001,payment,10680.29,213.61,38.45,False,True,2026-05-28T00:00:00,2026-05-29T12:00:00,pay_00187,ord_00187,,CARD,RUPAY
setl_0029_012,1273585730652407,ent_001,payment,11206.19,224.12,40.34,False,True,2026-05-28T00:00:00,2026-05-29T12:00:00,pay_00213,ord_00213,,UPI,
setl_0029_013,1273585730652407,ent_001,payment,19069.62,381.39,68.65,False,True,2026-05-28T00:00:00,2026-05-29T12:00:00,pay_00410,ord_00410,,UPI,
setl_0029_014,1273585730652407,ent_001,payment,29006.55,580.13,104.42,False,True,2026-05-28T00:00:00,2026-05-29T12:00:00,pay_00475,ord_00475,,RTGS,
setl_0029_015,1273585730652407,ent_001,payment,7031.58,140.63,25.31,False,True,2026-05-28T00:00:00,2026-05-29T12:00:00,pay_00500,ord_00500,,RTGS,
setl_0029_016,1273585730652407,ent_001,payment,29845.09,596.90,107.44,False,True,2026-05-28T00:00:00,2026-05-29T12:00:00,pay_00544,ord_00544,,RTGS,
setl_0030_000,7170586509480141,ent_001,payment,26668.87,533.38,96.01,False,True,2026-05-29T00:00:00,2026-06-01T12:00:00,pay_00232,ord_00232,,CARD,RUPAY
setl_0030_001,7170586509480141,ent_001,payment,24661.63,493.23,88.78,False,True,2026-05-29T00:00:00,2026-06-01T12:00:00,pay_00329,ord_00329,,CARD,VISA
setl_0030_002,7170586509480141,ent_001,payment,22374.61,447.49,80.55,False,True,2026-05-30T00:00:00,2026-06-01T12:00:00,pay_00105,ord_00105,,NEFT,
setl_0030_003,7170586509480141,ent_001,payment,29776.98,595.54,107.20,False,True,2026-05-30T00:00:00,2026-06-01T12:00:00,pay_00113,ord_00113,,UPI,
setl_0030_004,7170586509480141,ent_001,payment,9189.46,183.79,33.08,False,True,2026-05-30T00:00:00,2026-06-01T12:00:00,pay_00119,ord_00119,,NEFT,
setl_0030_005,7170586509480141,ent_001,payment,24983.12,499.66,89.94,False,True,2026-05-30T00:00:00,2026-06-01T12:00:00,pay_00336,ord_00336,,RTGS,
setl_0030_006,7170586509480141,ent_001,payment,43092.12,861.84,155.13,False,True,2026-05-30T00:00:00,2026-06-01T12:00:00,pay_00342,ord_00342,,RTGS,
setl_0030_007,7170586509480141,ent_001,payment,8811.69,176.23,31.72,False,True,2026-05-30T00:00:00,2026-06-01T12:00:00,pay_00580,ord_00580,,RTGS,
setl_0030_008,7170586509480141,ent_001,payment,2815.30,56.31,10.14,False,True,2026-05-31T00:00:00,2026-06-01T12:00:00,pay_00152,ord_00152,,UPI,
setl_0030_009,7170586509480141,ent_001,payment,23337.66,466.75,84.02,False,True,2026-05-31T00:00:00,2026-06-01T12:00:00,pay_00306,ord_00306,,CARD,MASTERCARD
setl_unresolvable_00_a,4593344196931572,ent_001,payment,7902.63,158.05,28.45,False,True,2026-04-01T00:00:00,2026-04-01T00:00:00,pay_unresolvable_00_a,ord_unresolvable_00_a,,NEFT,
setl_unresolvable_00_b,7919409610556613,ent_001,payment,7902.63,158.05,28.45,False,True,2026-04-01T00:00:00,2026-04-01T00:00:00,pay_unresolvable_00_b,ord_unresolvable_00_b,,NEFT,
setl_unresolvable_01_a,9060480589258320,ent_001,payment,18689.77,373.80,67.28,False,True,2026-04-02T00:00:00,2026-04-02T00:00:00,pay_unresolvable_01_a,ord_unresolvable_01_a,,NEFT,
setl_unresolvable_01_b,6799813646225179,ent_001,payment,18689.77,373.80,67.28,False,True,2026-04-02T00:00:00,2026-04-02T00:00:00,pay_unresolvable_01_b,ord_unresolvable_01_b,,NEFT,
setl_unresolvable_02_a,8641686227837693,ent_001,payment,6034.12,120.68,21.72,False,True,2026-04-03T00:00:00,2026-04-03T00:00:00,pay_unresolvable_02_a,ord_unresolvable_02_a,,NEFT,
setl_unresolvable_02_b,8983314659116655,ent_001,payment,6034.12,120.68,21.72,False,True,2026-04-03T00:00:00,2026-04-03T00:00:00,pay_unresolvable_02_b,ord_unresolvable_02_b,,NEFT,
